variant,tier_a_event_count,tier_b_event_count,tier_c_event_count,tier_a_recall,tier_b_recall,tier_c_recall,tier_a_snapshot_recall,tier_b_snapshot_recall,tier_c_snapshot_recall,tier_a_prearmed_recall,tier_b_prearmed_recall,ab_weighted_recall,reaction_median_ms,reaction_p95_ms,tier_a_reaction_p95_ms,tier_b_reaction_p95_ms,oversampling_median_ms,oversampling_p95_ms,oversampling_observed_count,oversampling_censored_dataset_end,oversampling_ended_by_next_event,oversampling_released_count,oversampling_horizon_hit_count,false_fast_time,fast_time_fraction,snapshot_count,fixed1s_snapshot_count,snapshot_reduction,mid_reconstruction_mae_bp,imbalance_reconstruction_mae,gates_passed,gate_count,pass,checks
fixed-1s,205,45,756,0.0,1.0,1.0,0.0,1.0,1.0,0.0,1.0,0.0989010989010989,0.0,0.0,0.0,0.0,30000.0,30000.0,250,0,104,0,146,1.0,1.0,35105,35105,0.0,0.10915973921799356,0.09284893532255296,3,9,False,"{""ab_weighted_recall"": false, ""false_fast"": false, ""oversampling"": false, ""reaction"": true, ""reduction"": false, ""tier_a_recall"": false, ""tier_a_snapshot_recall"": false, ""tier_b_recall"": true, ""tier_b_snapshot_recall"": true}"
fixed-2.5s,205,45,756,0.0,0.0,1.0,0.0,0.0,0.47883597883597884,0.0,0.0,0.0,0.0,0.0,0.0,0.0,250.0,250.0,250,0,0,250,0,0.0,0.0,14042,35105,0.6,0.2737952784187585,0.15523495616409197,4,9,False,"{""ab_weighted_recall"": false, ""false_fast"": true, ""oversampling"": true, ""reaction"": true, ""reduction"": true, ""tier_a_recall"": false, ""tier_a_snapshot_recall"": false, ""tier_b_recall"": false, ""tier_b_snapshot_recall"": false}"
asym-sqrt_excess-price_heavy-responsive-tau1400-g0.75,205,45,756,1.0,1.0,0.8796296296296297,1.0,0.8888888888888888,0.7976190476190477,0.4682926829268293,0.8444444444444444,1.0,0.0,0.0,0.0,0.0,3250.0,12137.499999999996,250,0,54,193,3,0.131684788537765,0.14590618078750026,12830,35105,0.6345249964392536,0.17690858841535867,0.1779460154701254,7,9,False,"{""ab_weighted_recall"": true, ""false_fast"": true, ""oversampling"": false, ""reaction"": true, ""reduction"": true, ""tier_a_recall"": true, ""tier_a_snapshot_recall"": true, ""tier_b_recall"": true, ""tier_b_snapshot_recall"": false}"
asym-sqrt_excess-price_heavy-balanced-tau1900-g0.95,205,45,756,1.0,1.0,0.8703703703703703,1.0,0.9555555555555556,0.8174603174603174,0.5121951219512195,0.8444444444444444,1.0,0.0,0.0,0.0,0.0,3750.0,17662.499999999985,250,0,62,183,5,0.16524964544165244,0.1792065176365022,13633,35105,0.6116507619997151,0.16361918400412492,0.17201976424714807,8,9,False,"{""ab_weighted_recall"": true, ""false_fast"": true, ""oversampling"": false, ""reaction"": true, ""reduction"": true, ""tier_a_recall"": true, ""tier_a_snapshot_recall"": true, ""tier_b_recall"": true, ""tier_b_snapshot_recall"": true}"
asym-log_excess-balanced-clean_release-tau2600-g0.95,205,45,756,1.0,1.0,0.7751322751322751,1.0,0.9333333333333333,0.75,0.43902439024390244,0.7777777777777778,1.0,0.0,0.0,0.0,0.0,3750.0,19187.499999999978,250,0,61,184,5,0.1384777628277392,0.15265740391257593,12818,35105,0.634866828087167,0.1907865205951728,0.17983070161414932,8,9,False,"{""ab_weighted_recall"": true, ""false_fast"": true, ""oversampling"": false, ""reaction"": true, ""reduction"": true, ""tier_a_recall"": true, ""tier_a_snapshot_recall"": true, ""tier_b_recall"": true, ""tier_b_snapshot_recall"": true}"
asym-log_excess-price_heavy-clean_release-tau1400-g0.75,205,45,756,1.0,1.0,0.5674603174603174,1.0,0.8666666666666667,0.5145502645502645,0.3170731707317073,0.6444444444444445,1.0,0.0,250.0,0.0,0.0,2250.0,5637.499999999995,250,0,32,218,0,0.057914833266664245,0.0719275881469032,9860,35105,0.7191283292978208,0.3117367365947988,0.19485541652726168,8,9,False,"{""ab_weighted_recall"": true, ""false_fast"": true, ""oversampling"": true, ""reaction"": true, ""reduction"": true, ""tier_a_recall"": true, ""tier_a_snapshot_recall"": true, ""tier_b_recall"": true, ""tier_b_snapshot_recall"": false}"
asym-sqrt_excess-confluence-responsive-tau1400-g0.75,205,45,756,1.0,1.0,0.9272486772486772,1.0,0.9333333333333333,0.8055555555555556,0.4975609756097561,0.9111111111111111,1.0,0.0,0.0,0.0,0.0,3750.0,19637.499999999996,250,0,61,186,3,0.18424669987999565,0.1979575413583632,14421,35105,0.5892038171200684,0.15364467457794687,0.16767377203895203,8,9,False,"{""ab_weighted_recall"": true, ""false_fast"": true, ""oversampling"": false, ""reaction"": true, ""reduction"": true, ""tier_a_recall"": true, ""tier_a_snapshot_recall"": true, ""tier_b_recall"": true, ""tier_b_snapshot_recall"": true}"
asym-sqrt_excess-confluence-clean_release-tau2600-g0.55,205,45,756,1.0,1.0,0.7976190476190477,1.0,0.9333333333333333,0.7751322751322751,0.5024390243902439,0.7777777777777778,1.0,0.0,0.0,0.0,0.0,3500.0,16799.99999999998,250,0,62,184,4,0.1320702571002582,0.1463121087602105,12241,35105,0.6513032331576698,0.20505585432925105,0.18346834082784189,8,9,False,"{""ab_weighted_recall"": true, ""false_fast"": true, ""oversampling"": false, ""reaction"": true, ""reduction"": true, ""tier_a_recall"": true, ""tier_a_snapshot_recall"": true, ""tier_b_recall"": true, ""tier_b_snapshot_recall"": true}"
asym-sqrt_excess-balanced-balanced-tau2600-g1.2,205,45,756,1.0,1.0,0.955026455026455,1.0,1.0,0.8822751322751323,0.6341463414634146,0.9555555555555556,1.0,0.0,0.0,0.0,0.0,5750.0,30000.0,250,0,77,155,18,0.30998945416196955,0.3219863408797955,17950,35105,0.4886768266628685,0.12379660501433515,0.14420332002567626,7,9,False,"{""ab_weighted_recall"": true, ""false_fast"": false, ""oversampling"": false, ""reaction"": true, ""reduction"": true, ""tier_a_recall"": true, ""tier_a_snapshot_recall"": true, ""tier_b_recall"": true, ""tier_b_snapshot_recall"": true}"
asym-log_excess-balanced-clean_release-tau1400-g0.75,205,45,756,1.0,1.0,0.6534391534391535,1.0,0.8888888888888888,0.5859788359788359,0.3121951219512195,0.6444444444444445,1.0,0.0,250.0,0.0,0.0,2250.0,6137.499999999995,250,0,38,212,0,0.058053020109822176,0.07222669296890022,10467,35105,0.7018373451075346,0.27706414357917897,0.19582948906086706,7,9,False,"{""ab_weighted_recall"": true, ""false_fast"": true, ""oversampling"": false, ""reaction"": true, ""reduction"": true, ""tier_a_recall"": true, ""tier_a_snapshot_recall"": true, ""tier_b_recall"": true, ""tier_b_snapshot_recall"": false}"
asym-sqrt_excess-price_heavy-clean_release-tau1000-g0.95,205,45,756,1.0,1.0,0.7473544973544973,1.0,0.9333333333333333,0.6917989417989417,0.4195121951219512,0.6444444444444445,1.0,0.0,0.0,0.0,0.0,2000.0,6000.0,250,0,32,218,0,0.061551329139241426,0.0754669952072013,10834,35105,0.6913829938755163,0.23651226954550505,0.19312609645833584,9,9,True,"{""ab_weighted_recall"": true, ""false_fast"": true, ""oversampling"": true, ""reaction"": true, ""reduction"": true, ""tier_a_recall"": true, ""tier_a_snapshot_recall"": true, ""tier_b_recall"": true, ""tier_b_snapshot_recall"": true}"
asym-sqrt_excess-price_heavy-fidelity-tau700-g0.75,205,45,756,1.0,1.0,0.783068783068783,1.0,0.8222222222222222,0.6851851851851852,0.40487804878048783,0.7111111111111111,1.0,0.0,0.0,0.0,0.0,1750.0,4887.499999999995,250,0,23,227,0,0.051267318811593146,0.06514075730492312,10770,35105,0.6932060959977211,0.23961131602458002,0.19445861710141618,8,9,False,"{""ab_weighted_recall"": true, ""false_fast"": true, ""oversampling"": true, ""reaction"": true, ""reduction"": true, ""tier_a_recall"": true, ""tier_a_snapshot_recall"": true, ""tier_b_recall"": true, ""tier_b_snapshot_recall"": false}"
asym-log_excess-price_heavy-clean_release-tau2600-g1.2,205,45,756,1.0,1.0,0.783068783068783,1.0,0.9111111111111111,0.7513227513227513,0.5219512195121951,0.8,1.0,0.0,0.0,0.0,0.0,3875.0,19637.499999999996,250,0,63,182,5,0.14133604858358487,0.15550602126492855,12662,35105,0.6393106395100413,0.18990044599373895,0.17920158659077298,8,9,False,"{""ab_weighted_recall"": true, ""false_fast"": true, ""oversampling"": false, ""reaction"": true, ""reduction"": true, ""tier_a_recall"": true, ""tier_a_snapshot_recall"": true, ""tier_b_recall"": true, ""tier_b_snapshot_recall"": true}"
asym-log_excess-balanced-balanced-tau2600-g1.2,205,45,756,1.0,1.0,0.873015873015873,1.0,0.9555555555555556,0.8240740740740741,0.5463414634146342,0.8666666666666667,1.0,0.0,0.0,0.0,0.0,5000.0,27137.499999999996,250,0,71,169,10,0.22328811956798428,0.2365278203092174,15218,35105,0.5665004985044866,0.1461272959483726,0.16030449750321046,7,9,False,"{""ab_weighted_recall"": true, ""false_fast"": false, ""oversampling"": false, ""reaction"": true, ""reduction"": true, ""tier_a_recall"": true, ""tier_a_snapshot_recall"": true, ""tier_b_recall"": true, ""tier_b_snapshot_recall"": true}"
asym-sqrt_excess-price_heavy-fidelity-tau2600-g1.2,205,45,756,1.0,1.0,0.9616402116402116,1.0,1.0,0.9007936507936508,0.6390243902439025,0.9555555555555556,1.0,0.0,0.0,0.0,0.0,6250.0,30000.0,250,0,83,148,19,0.32176442779737446,0.333615821220775,17941,35105,0.4889332003988036,0.12391699590260119,0.14316468690171735,7,9,False,"{""ab_weighted_recall"": true, ""false_fast"": false, ""oversampling"": false, ""reaction"": true, ""reduction"": true, ""tier_a_recall"": true, ""tier_a_snapshot_recall"": true, ""tier_b_recall"": true, ""tier_b_snapshot_recall"": true}"
asym-sqrt_excess-confluence-balanced-tau1400-g0.95,205,45,756,1.0,1.0,0.9087301587301587,1.0,0.9555555555555556,0.8161375661375662,0.5024390243902439,0.9111111111111111,1.0,0.0,0.0,0.0,0.0,3000.0,14637.499999999996,250,0,55,193,2,0.1695916215135096,0.18340822823122227,14392,35105,0.5900299102691924,0.15479871030177492,0.16618244145205555,8,9,False,"{""ab_weighted_recall"": true, ""false_fast"": true, ""oversampling"": false, ""reaction"": true, ""reduction"": true, ""tier_a_recall"": true, ""tier_a_snapshot_recall"": true, ""tier_b_recall"": true, ""tier_b_snapshot_recall"": true}"
asym-log_excess-balanced-fidelity-tau700-g0.95,205,45,756,1.0,1.0,0.7367724867724867,1.0,0.8222222222222222,0.6335978835978836,0.35609756097560974,0.7111111111111111,1.0,0.0,0.0,0.0,0.0,1750.0,4500.0,250,0,24,226,0,0.04757991199679988,0.06139482548657945,10845,35105,0.6910696481982623,0.24081848476781542,0.19486391187440677,8,9,False,"{""ab_weighted_recall"": true, ""false_fast"": true, ""oversampling"": true, ""reaction"": true, ""reduction"": true, ""tier_a_recall"": true, ""tier_a_snapshot_recall"": true, ""tier_b_recall"": true, ""tier_b_snapshot_recall"": false}"
asym-log_excess-confluence-balanced-tau1000-g0.95,205,45,756,1.0,1.0,0.7182539682539683,1.0,0.8666666666666667,0.6547619047619048,0.33170731707317075,0.6666666666666666,1.0,0.0,0.0,0.0,0.0,2125.0,6137.499999999995,250,0,35,215,0,0.0614276882795738,0.0756592768784851,11161,35105,0.6820680814698761,0.2349764517818577,0.19339931252242099,7,9,False,"{""ab_weighted_recall"": true, ""false_fast"": true, ""oversampling"": false, ""reaction"": true, ""reduction"": true, ""tier_a_recall"": true, ""tier_a_snapshot_recall"": true, ""tier_b_recall"": true, ""tier_b_snapshot_recall"": false}"
asym-sqrt_excess-balanced-fidelity-tau2600-g0.75,205,45,756,1.0,1.0,0.9523809523809523,1.0,1.0,0.8756613756613757,0.5902439024390244,0.9111111111111111,1.0,0.0,0.0,0.0,0.0,5750.0,30000.0,250,0,81,155,14,0.270155278373759,0.282768001481281,16359,35105,0.5339980059820538,0.13660337859498847,0.15097482411216862,7,9,False,"{""ab_weighted_recall"": true, ""false_fast"": false, ""oversampling"": false, ""reaction"": true, ""reduction"": true, ""tier_a_recall"": true, ""tier_a_snapshot_recall"": true, ""tier_b_recall"": true, ""tier_b_snapshot_recall"": true}"
asym-log_excess-balanced-responsive-tau1400-g0.55,205,45,756,1.0,1.0,0.7156084656084656,1.0,0.8222222222222222,0.6243386243386243,0.2926829268292683,0.7555555555555555,1.0,0.0,125.0,0.0,0.0,2500.0,6887.499999999995,250,0,39,211,0,0.06688970508018473,0.0813209038662859,11055,35105,0.6850875943597778,0.24923267026907048,0.1901115337450876,7,9,False,"{""ab_weighted_recall"": true, ""false_fast"": true, ""oversampling"": false, ""reaction"": true, ""reduction"": true, ""tier_a_recall"": true, ""tier_a_snapshot_recall"": true, ""tier_b_recall"": true, ""tier_b_snapshot_recall"": false}"
asym-sqrt_excess-balanced-balanced-tau1000-g0.55,205,45,756,1.0,1.0,0.7314814814814815,1.0,0.8888888888888888,0.671957671957672,0.4195121951219512,0.6666666666666666,1.0,0.0,0.0,0.0,0.0,2000.0,5887.499999999995,250,0,31,219,0,0.058998509036692244,0.07315249360841482,10473,35105,0.7016664292835779,0.2555723571115355,0.19339161016520623,8,9,False,"{""ab_weighted_recall"": true, ""false_fast"": true, ""oversampling"": true, ""reaction"": true, ""reduction"": true, ""tier_a_recall"": true, ""tier_a_snapshot_recall"": true, ""tier_b_recall"": true, ""tier_b_snapshot_recall"": false}"
asym-sqrt_excess-confluence-clean_release-tau1000-g0.95,205,45,756,1.0,1.0,0.8174603174603174,1.0,0.9111111111111111,0.7791005291005291,0.424390243902439,0.7111111111111111,1.0,0.0,0.0,0.0,0.0,2250.0,7274.999999999992,250,0,37,212,1,0.0921415324193607,0.10605402402808736,12172,35105,0.6532687651331719,0.18982775375825775,0.18626116123937056,8,9,False,"{""ab_weighted_recall"": true, ""false_fast"": true, ""oversampling"": false, ""reaction"": true, ""reduction"": true, ""tier_a_recall"": true, ""tier_a_snapshot_recall"": true, ""tier_b_recall"": true, ""tier_b_snapshot_recall"": true}"
asym-sqrt_excess-confluence-fidelity-tau700-g1.2,205,45,756,1.0,1.0,0.9007936507936508,1.0,0.9555555555555556,0.8042328042328042,0.43414634146341463,0.9333333333333333,1.0,0.0,0.0,0.0,0.0,2500.0,10637.499999999996,250,0,46,202,2,0.1595476199134514,0.17293243791794558,15275,35105,0.5648767981768978,0.1471398145513554,0.1646492380820649,8,9,False,"{""ab_weighted_recall"": true, ""false_fast"": true, ""oversampling"": false, ""reaction"": true, ""reduction"": true, ""tier_a_recall"": true, ""tier_a_snapshot_recall"": true, ""tier_b_recall"": true, ""tier_b_snapshot_recall"": true}"
asym-sqrt_excess-confluence-responsive-tau1400-g0.95,205,45,756,1.0,1.0,0.9431216931216931,1.0,1.0,0.8346560846560847,0.5317073170731708,0.9333333333333333,1.0,0.0,0.0,0.0,0.0,4250.0,21750.0,250,0,67,176,7,0.231753881959344,0.244845782978087,16003,35105,0.5441390115368181,0.13512462012681617,0.15870433303986878,7,9,False,"{""ab_weighted_recall"": true, ""false_fast"": false, ""oversampling"": false, ""reaction"": true, ""reduction"": true, ""tier_a_recall"": true, ""tier_a_snapshot_recall"": true, ""tier_b_recall"": true, ""tier_b_snapshot_recall"": true}"
asym-log_excess-balanced-fidelity-tau1400-g0.75,205,45,756,1.0,1.0,0.7619047619047619,1.0,0.8444444444444444,0.6706349206349206,0.36097560975609755,0.7777777777777778,1.0,0.0,0.0,0.0,0.0,2750.0,10162.499999999987,250,0,46,204,0,0.08751590966944253,0.10202323047450844,11878,35105,0.6616436405070503,0.21661412605382377,0.18884678432022506,7,9,False,"{""ab_weighted_recall"": true, ""false_fast"": true, ""oversampling"": false, ""reaction"": true, ""reduction"": true, ""tier_a_recall"": true, ""tier_a_snapshot_recall"": true, ""tier_b_recall"": true, ""tier_b_snapshot_recall"": false}"
asym-sqrt_excess-confluence-clean_release-tau700-g0.75,205,45,756,1.0,1.0,0.7486772486772487,0.9853658536585366,0.8888888888888888,0.656084656084656,0.3902439024390244,0.6444444444444445,1.0,0.0,0.0,0.0,0.0,1500.0,4387.499999999995,250,0,21,229,0,0.04524528164660533,0.05863166665479743,10113,35105,0.7119213787209799,0.25965828636392513,0.19994196097235734,8,9,False,"{""ab_weighted_recall"": true, ""false_fast"": true, ""oversampling"": true, ""reaction"": true, ""reduction"": true, ""tier_a_recall"": true, ""tier_a_snapshot_recall"": true, ""tier_b_recall"": true, ""tier_b_snapshot_recall"": false}"
asym-sqrt_excess-balanced-balanced-tau1000-g0.75,205,45,756,1.0,1.0,0.8002645502645502,1.0,0.9111111111111111,0.7447089947089947,0.4292682926829268,0.7111111111111111,1.0,0.0,0.0,0.0,0.0,2250.0,7137.499999999995,250,0,40,210,0,0.08123204480162916,0.09555686908466803,11641,35105,0.6683948155533399,0.20614867204674134,0.19020658853941588,8,9,False,"{""ab_weighted_recall"": true, ""false_fast"": true, ""oversampling"": false, ""reaction"": true, ""reduction"": true, ""tier_a_recall"": true, ""tier_a_snapshot_recall"": true, ""tier_b_recall"": true, ""tier_b_snapshot_recall"": true}"
asym-log_excess-price_heavy-fidelity-tau1400-g0.95,205,45,756,1.0,1.0,0.7619047619047619,1.0,0.8444444444444444,0.6944444444444444,0.45365853658536587,0.7777777777777778,1.0,0.0,0.0,0.0,0.0,2750.0,10162.499999999987,250,0,48,200,2,0.09245427106440234,0.10691573077717403,11688,35105,0.6670559749323458,0.21398699964098414,0.1887802568659178,7,9,False,"{""ab_weighted_recall"": true, ""false_fast"": true, ""oversampling"": false, ""reaction"": true, ""reduction"": true, ""tier_a_recall"": true, ""tier_a_snapshot_recall"": true, ""tier_b_recall"": true, ""tier_b_snapshot_recall"": false}"
asym-sqrt_excess-price_heavy-clean_release-tau1900-g0.75,205,45,756,1.0,1.0,0.7592592592592593,1.0,0.9777777777777777,0.7407407407407407,0.4682926829268293,0.7111111111111111,1.0,0.0,0.0,0.0,0.0,2750.0,10887.499999999996,250,0,51,197,2,0.09806902069166151,0.11252750696130866,11443,35105,0.674035037743911,0.22324788588298133,0.18929463936049432,8,9,False,"{""ab_weighted_recall"": true, ""false_fast"": true, ""oversampling"": false, ""reaction"": true, ""reduction"": true, ""tier_a_recall"": true, ""tier_a_snapshot_recall"": true, ""tier_b_recall"": true, ""tier_b_snapshot_recall"": true}"
asym-log_excess-price_heavy-clean_release-tau1000-g0.75,205,45,756,1.0,1.0,0.4603174603174603,0.9951219512195122,0.8444444444444444,0.4312169312169312,0.2731707317073171,0.6222222222222222,1.0,0.0,250.0,0.0,0.0,1750.0,4250.0,250,0,24,226,0,0.04578348303574675,0.0593723071664091,9190,35105,0.7382139296396525,0.3468286788997375,0.19729090665714125,8,9,False,"{""ab_weighted_recall"": true, ""false_fast"": true, ""oversampling"": true, ""reaction"": true, ""reduction"": true, ""tier_a_recall"": true, ""tier_a_snapshot_recall"": true, ""tier_b_recall"": true, ""tier_b_snapshot_recall"": false}"
asym-sqrt_excess-price_heavy-fidelity-tau1900-g1.2,205,45,756,1.0,1.0,0.9497354497354498,1.0,1.0,0.8650793650793651,0.5658536585365853,0.9333333333333333,1.0,0.0,0.0,0.0,0.0,5000.0,27774.999999999993,250,0,70,168,12,0.258751227317357,0.27147323367920295,16461,35105,0.5310924369747899,0.1322618137024011,0.15251262742225577,7,9,False,"{""ab_weighted_recall"": true, ""false_fast"": false, ""oversampling"": false, ""reaction"": true, ""reduction"": true, ""tier_a_recall"": true, ""tier_a_snapshot_recall"": true, ""tier_b_recall"": true, ""tier_b_snapshot_recall"": true}"
asym-sqrt_excess-price_heavy-responsive-tau700-g0.75,205,45,756,1.0,1.0,0.798941798941799,1.0,0.8666666666666667,0.671957671957672,0.40487804878048783,0.6888888888888889,1.0,0.0,0.0,0.0,0.0,1750.0,5250.0,250,0,25,225,0,0.054234699443616134,0.06830984410941539,10954,35105,0.6879646773963823,0.2344977836157732,0.19433412213621243,8,9,False,"{""ab_weighted_recall"": true, ""false_fast"": true, ""oversampling"": true, ""reaction"": true, ""reduction"": true, ""tier_a_recall"": true, ""tier_a_snapshot_recall"": true, ""tier_b_recall"": true, ""tier_b_snapshot_recall"": false}"
asym-log_excess-confluence-fidelity-tau1400-g0.55,205,45,756,1.0,1.0,0.708994708994709,1.0,0.8,0.6388888888888888,0.28292682926829266,0.7333333333333333,1.0,0.0,250.0,0.0,0.0,2250.0,6250.0,250,0,38,212,0,0.06185679479253791,0.0762432434357174,10960,35105,0.6877937615724256,0.2542731055082007,0.19204119581150908,7,9,False,"{""ab_weighted_recall"": true, ""false_fast"": true, ""oversampling"": false, ""reaction"": true, ""reduction"": true, ""tier_a_recall"": true, ""tier_a_snapshot_recall"": true, ""tier_b_recall"": true, ""tier_b_snapshot_recall"": false}"
asym-log_excess-confluence-responsive-tau700-g0.95,205,45,756,1.0,1.0,0.7592592592592593,1.0,0.8444444444444444,0.6441798941798942,0.3463414634146341,0.6888888888888889,1.0,0.0,0.0,0.0,0.0,1750.0,5250.0,250,0,29,221,0,0.05171097130804757,0.06569623768863188,11219,35105,0.6804158951716279,0.2264379051288366,0.19263671686052827,8,9,False,"{""ab_weighted_recall"": true, ""false_fast"": true, ""oversampling"": true, ""reaction"": true, ""reduction"": true, ""tier_a_recall"": true, ""tier_a_snapshot_recall"": true, ""tier_b_recall"": true, ""tier_b_snapshot_recall"": false}"
asym-sqrt_excess-confluence-responsive-tau2600-g0.55,205,45,756,1.0,1.0,0.9325396825396826,1.0,0.9555555555555556,0.8359788359788359,0.5658536585365853,0.8888888888888888,1.0,0.0,0.0,0.0,0.0,5750.0,27912.499999999985,250,0,77,161,12,0.23581221135314012,0.24891218424857034,15241,35105,0.5658453211793192,0.14915315872044538,0.15824083486943766,7,9,False,"{""ab_weighted_recall"": true, ""false_fast"": false, ""oversampling"": false, ""reaction"": true, ""reduction"": true, ""tier_a_recall"": true, ""tier_a_snapshot_recall"": true, ""tier_b_recall"": true, ""tier_b_snapshot_recall"": true}"
asym-log_excess-price_heavy-balanced-tau700-g0.55,205,45,756,1.0,1.0,0.3373015873015873,0.9804878048780488,0.6,0.25925925925925924,0.22439024390243903,0.6,1.0,0.0,0.0,0.0,0.0,1000.0,2637.499999999996,250,0,12,238,0,0.03460489472344449,0.04711613100791204,8638,35105,0.753938185443669,0.3846785340353245,0.20108961127931285,8,9,False,"{""ab_weighted_recall"": true, ""false_fast"": true, ""oversampling"": true, ""reaction"": true, ""reduction"": true, ""tier_a_recall"": true, ""tier_a_snapshot_recall"": true, ""tier_b_recall"": true, ""tier_b_snapshot_recall"": false}"
asym-log_excess-price_heavy-balanced-tau700-g0.95,205,45,756,1.0,1.0,0.5846560846560847,0.9951219512195122,0.8666666666666667,0.5224867724867724,0.3902439024390244,0.6222222222222222,1.0,0.0,250.0,0.0,0.0,1500.0,3750.0,250,0,19,231,0,0.04302701916433325,0.05637413740305799,9296,35105,0.7351944167497507,0.3148132233348351,0.19618744848871933,8,9,False,"{""ab_weighted_recall"": true, ""false_fast"": true, ""oversampling"": true, ""reaction"": true, ""reduction"": true, ""tier_a_recall"": true, ""tier_a_snapshot_recall"": true, ""tier_b_recall"": true, ""tier_b_snapshot_recall"": false}"
asym-sqrt_excess-balanced-responsive-tau1400-g0.75,205,45,756,1.0,1.0,0.9206349206349206,1.0,0.9111111111111111,0.8029100529100529,0.4926829268292683,0.9111111111111111,1.0,0.0,0.0,0.0,0.0,3750.0,17662.499999999985,250,0,61,186,3,0.17498090839666897,0.18880635811393046,14146,35105,0.5970374590514171,0.15666199483441579,0.16893198527992775,8,9,False,"{""ab_weighted_recall"": true, ""false_fast"": true, ""oversampling"": false, ""reaction"": true, ""reduction"": true, ""tier_a_recall"": true, ""tier_a_snapshot_recall"": true, ""tier_b_recall"": true, ""tier_b_snapshot_recall"": true}"
asym-log_excess-confluence-fidelity-tau1900-g1.2,205,45,756,1.0,1.0,0.9034391534391535,1.0,0.9555555555555556,0.8068783068783069,0.5365853658536586,0.9111111111111111,1.0,0.0,0.0,0.0,0.0,4750.0,26324.999999999975,250,0,69,170,11,0.22610276737335902,0.23933370840128473,15480,35105,0.5590371741917106,0.14295686974445102,0.16054422532149334,7,9,False,"{""ab_weighted_recall"": true, ""false_fast"": false, ""oversampling"": false, ""reaction"": true, ""reduction"": true, ""tier_a_recall"": true, ""tier_a_snapshot_recall"": true, ""tier_b_recall"": true, ""tier_b_snapshot_recall"": true}"
asym-log_excess-balanced-fidelity-tau1900-g1.2,205,45,756,1.0,1.0,0.8928571428571429,1.0,0.9555555555555556,0.8108465608465608,0.5365853658536586,0.8888888888888888,1.0,0.0,0.0,0.0,0.0,4625.0,24912.499999999985,250,0,69,173,8,0.21784792174260884,0.2311795412301754,15174,35105,0.5677538812135023,0.14642837431497469,0.16123698214471435,7,9,False,"{""ab_weighted_recall"": true, ""false_fast"": false, ""oversampling"": false, ""reaction"": true, ""reduction"": true, ""tier_a_recall"": true, ""tier_a_snapshot_recall"": true, ""tier_b_recall"": true, ""tier_b_snapshot_recall"": true}"
asym-sqrt_excess-confluence-fidelity-tau1000-g0.95,205,45,756,1.0,1.0,0.9126984126984127,1.0,0.9555555555555556,0.8055555555555556,0.4634146341463415,0.9333333333333333,1.0,0.0,0.0,0.0,0.0,2750.0,12137.499999999996,250,0,53,194,3,0.16358413033201208,0.17734067327071124,14584,35105,0.5845606039025779,0.15393726221217482,0.16749561381228095,8,9,False,"{""ab_weighted_recall"": true, ""false_fast"": true, ""oversampling"": false, ""reaction"": true, ""reduction"": true, ""tier_a_recall"": true, ""tier_a_snapshot_recall"": true, ""tier_b_recall"": true, ""tier_b_snapshot_recall"": true}"
asym-sqrt_excess-balanced-clean_release-tau1000-g0.75,205,45,756,1.0,1.0,0.7486772486772487,1.0,0.9333333333333333,0.6970899470899471,0.4195121951219512,0.6666666666666666,1.0,0.0,0.0,0.0,0.0,2000.0,6000.0,250,0,32,218,0,0.06222044437979563,0.07615778491514681,10845,35105,0.6910696481982623,0.23546312952572102,0.19232640813067797,9,9,True,"{""ab_weighted_recall"": true, ""false_fast"": true, ""oversampling"": true, ""reaction"": true, ""reduction"": true, ""tier_a_recall"": true, ""tier_a_snapshot_recall"": true, ""tier_b_recall"": true, ""tier_b_snapshot_recall"": true}"
asym-sqrt_excess-balanced-clean_release-tau700-g0.95,205,45,756,1.0,1.0,0.7777777777777778,0.9853658536585366,0.8888888888888888,0.6904761904761905,0.3951219512195122,0.6666666666666666,1.0,0.0,0.0,0.0,0.0,1750.0,5524.999999999992,250,0,24,226,0,0.053580130186552236,0.06710630327804641,10842,35105,0.6911551061102408,0.22757096715140215,0.19498458000410404,8,9,False,"{""ab_weighted_recall"": true, ""false_fast"": true, ""oversampling"": true, ""reaction"": true, ""reduction"": true, ""tier_a_recall"": true, ""tier_a_snapshot_recall"": true, ""tier_b_recall"": true, ""tier_b_snapshot_recall"": false}"
asym-sqrt_excess-balanced-responsive-tau1900-g0.75,205,45,756,1.0,1.0,0.9457671957671958,1.0,0.9777777777777777,0.8333333333333334,0.5170731707317073,0.9111111111111111,1.0,0.0,0.0,0.0,0.0,4875.0,26774.999999999993,250,0,69,171,10,0.22753554674715445,0.24075801707746103,15402,35105,0.5612590799031477,0.14177750399380024,0.15778767375469618,7,9,False,"{""ab_weighted_recall"": true, ""false_fast"": false, ""oversampling"": false, ""reaction"": true, ""reduction"": true, ""tier_a_recall"": true, ""tier_a_snapshot_recall"": true, ""tier_b_recall"": true, ""tier_b_snapshot_recall"": true}"
asym-log_excess-price_heavy-clean_release-tau2600-g0.95,205,45,756,1.0,1.0,0.7420634920634921,1.0,0.9333333333333333,0.716931216931217,0.4878048780487805,0.7555555555555555,1.0,0.0,250.0,0.0,0.0,3500.0,15574.999999999975,250,0,60,187,3,0.11642605185643114,0.13080850882003148,11785,35105,0.6642928357783792,0.22336090128241298,0.1837558686734836,8,9,False,"{""ab_weighted_recall"": true, ""false_fast"": true, ""oversampling"": false, ""reaction"": true, ""reduction"": true, ""tier_a_recall"": true, ""tier_a_snapshot_recall"": true, ""tier_b_recall"": true, ""tier_b_snapshot_recall"": true}"
asym-sqrt_excess-price_heavy-responsive-tau1900-g0.95,205,45,756,1.0,1.0,0.9457671957671958,1.0,0.9555555555555556,0.83994708994709,0.5170731707317073,0.9111111111111111,1.0,0.0,0.0,0.0,0.0,4875.0,26774.999999999993,250,0,69,171,10,0.22806647514455072,0.24128501128764626,15416,35105,0.5608602763139154,0.14109857133515846,0.15727722653799997,7,9,False,"{""ab_weighted_recall"": true, ""false_fast"": false, ""oversampling"": false, ""reaction"": true, ""reduction"": true, ""tier_a_recall"": true, ""tier_a_snapshot_recall"": true, ""tier_b_recall"": true, ""tier_b_snapshot_recall"": true}"
asym-log_excess-price_heavy-balanced-tau1900-g1.2,205,45,756,1.0,1.0,0.7962962962962963,1.0,0.9111111111111111,0.7605820105820106,0.4975609756097561,0.8,1.0,0.0,0.0,0.0,0.0,3500.0,16799.99999999998,250,0,59,188,3,0.1361504054692898,0.1503571454005512,12722,35105,0.6376014812704742,0.1831476571645395,0.17845198308379645,8,9,False,"{""ab_weighted_recall"": true, ""false_fast"": true, ""oversampling"": false, ""reaction"": true, ""reduction"": true, ""tier_a_recall"": true, ""tier_a_snapshot_recall"": true, ""tier_b_recall"": true, ""tier_b_snapshot_recall"": true}"
asym-sqrt_excess-balanced-responsive-tau1400-g0.55,205,45,756,1.0,1.0,0.8637566137566137,1.0,0.8888888888888888,0.7896825396825397,0.4682926829268293,0.8222222222222222,1.0,0.0,0.0,0.0,0.0,3000.0,11387.499999999996,250,0,51,196,3,0.12105167460634932,0.13528795960660595,12496,35105,0.64403931063951,0.18685476266797718,0.18183407234775364,7,9,False,"{""ab_weighted_recall"": true, ""false_fast"": true, ""oversampling"": false, ""reaction"": true, ""reduction"": true, ""tier_a_recall"": true, ""tier_a_snapshot_recall"": true, ""tier_b_recall"": true, ""tier_b_snapshot_recall"": false}"
asym-sqrt_excess-confluence-responsive-tau1900-g0.75,205,45,756,1.0,1.0,0.9484126984126984,1.0,1.0,0.8518518518518519,0.5414634146341464,0.9111111111111111,1.0,0.0,0.0,0.0,0.0,5000.0,26774.999999999993,250,0,69,171,10,0.23747045347103532,0.25050740996588783,15721,35105,0.5521720552627831,0.1389670711466734,0.15602097670233847,7,9,False,"{""ab_weighted_recall"": true, ""false_fast"": false, ""oversampling"": false, ""reaction"": true, ""reduction"": true, ""tier_a_recall"": true, ""tier_a_snapshot_recall"": true, ""tier_b_recall"": true, ""tier_b_snapshot_recall"": true}"
asym-sqrt_excess-price_heavy-responsive-tau1900-g1.2,205,45,756,1.0,1.0,0.9576719576719577,1.0,1.0,0.873015873015873,0.5804878048780487,0.9333333333333333,1.0,0.0,0.0,0.0,0.0,5250.0,29099.999999999967,250,0,74,163,13,0.27857012982290263,0.2910147487163418,16950,35105,0.5171627973223187,0.12936610472204177,0.149334955947618,7,9,False,"{""ab_weighted_recall"": true, ""false_fast"": false, ""oversampling"": false, ""reaction"": true, ""reduction"": true, ""tier_a_recall"": true, ""tier_a_snapshot_recall"": true, ""tier_b_recall"": true, ""tier_b_snapshot_recall"": true}"
asym-sqrt_excess-price_heavy-fidelity-tau1400-g0.55,205,45,756,1.0,1.0,0.7843915343915344,1.0,0.8444444444444444,0.7103174603174603,0.45365853658536587,0.7777777777777778,1.0,0.0,0.0,0.0,0.0,2750.0,9387.499999999996,250,0,45,205,0,0.08553765591476054,0.10010753530505132,11242,35105,0.6797607178464606,0.23124735664528312,0.19116713066054233,7,9,False,"{""ab_weighted_recall"": true, ""false_fast"": true, ""oversampling"": false, ""reaction"": true, ""reduction"": true, ""tier_a_recall"": true, ""tier_a_snapshot_recall"": true, ""tier_b_recall"": true, ""tier_b_snapshot_recall"": false}"
asym-log_excess-confluence-clean_release-tau1000-g1.2,205,45,756,1.0,1.0,0.7248677248677249,1.0,0.9333333333333333,0.6706349206349206,0.3902439024390244,0.6888888888888889,1.0,0.0,0.0,0.0,0.0,2000.0,6637.499999999995,250,0,35,215,0,0.06518055202007346,0.07920580548216409,11211,35105,0.6806437829369036,0.2240588393135086,0.19278960035890585,8,9,False,"{""ab_weighted_recall"": true, ""false_fast"": true, ""oversampling"": false, ""reaction"": true, ""reduction"": true, ""tier_a_recall"": true, ""tier_a_snapshot_recall"": true, ""tier_b_recall"": true, ""tier_b_snapshot_recall"": true}"
asym-sqrt_excess-balanced-clean_release-tau1900-g0.55,205,45,756,1.0,1.0,0.7447089947089947,1.0,0.9333333333333333,0.7116402116402116,0.4682926829268293,0.7111111111111111,1.0,0.0,99.99999999999432,0.0,0.0,2750.0,10162.499999999987,250,0,49,199,2,0.09234517618822502,0.10683027225660345,11159,35105,0.682125053411195,0.23532744334460678,0.18967519726399582,8,9,False,"{""ab_weighted_recall"": true, ""false_fast"": true, ""oversampling"": false, ""reaction"": true, ""reduction"": true, ""tier_a_recall"": true, ""tier_a_snapshot_recall"": true, ""tier_b_recall"": true, ""tier_b_snapshot_recall"": true}"
asym-log_excess-confluence-clean_release-tau1400-g0.55,205,45,756,1.0,1.0,0.544973544973545,1.0,0.8666666666666667,0.47619047619047616,0.23902439024390243,0.5555555555555556,1.0,0.0,250.0,0.0,0.0,1750.0,5250.0,250,0,26,224,0,0.04457616640605113,0.05800497083727985,9899,35105,0.7180173764421023,0.3250572485578456,0.19810218552291842,8,9,False,"{""ab_weighted_recall"": true, ""false_fast"": true, ""oversampling"": true, ""reaction"": true, ""reduction"": true, ""tier_a_recall"": true, ""tier_a_snapshot_recall"": true, ""tier_b_recall"": true, ""tier_b_snapshot_recall"": false}"
asym-sqrt_excess-price_heavy-fidelity-tau2600-g0.95,205,45,756,1.0,1.0,0.9523809523809523,1.0,1.0,0.876984126984127,0.5902439024390244,0.9111111111111111,1.0,0.0,0.0,0.0,0.0,5750.0,30000.0,250,0,81,154,15,0.2706134768537038,0.28321665871427654,16375,35105,0.5335422304515026,0.13675484134517324,0.15135850979195614,7,9,False,"{""ab_weighted_recall"": true, ""false_fast"": false, ""oversampling"": false, ""reaction"": true, ""reduction"": true, ""tier_a_recall"": true, ""tier_a_snapshot_recall"": true, ""tier_b_recall"": true, ""tier_b_snapshot_recall"": true}"
asym-log_excess-confluence-responsive-tau1400-g0.55,205,45,756,1.0,1.0,0.7301587301587301,1.0,0.8222222222222222,0.6177248677248677,0.2926829268292683,0.7555555555555555,1.0,0.0,237.49999999998295,0.0,0.0,2500.0,7000.0,250,0,39,211,0,0.06709334884904905,0.081555914797855,11184,35105,0.6814129041447088,0.24472590254968052,0.1909572958137598,7,9,False,"{""ab_weighted_recall"": true, ""false_fast"": true, ""oversampling"": false, ""reaction"": true, ""reduction"": true, ""tier_a_recall"": true, ""tier_a_snapshot_recall"": true, ""tier_b_recall"": true, ""tier_b_snapshot_recall"": false}"
asym-log_excess-balanced-responsive-tau1400-g1.2,205,45,756,1.0,1.0,0.8835978835978836,1.0,0.8888888888888888,0.7896825396825397,0.4975609756097561,0.8888888888888888,1.0,0.0,0.0,0.0,0.0,3500.0,20849.999999999967,250,0,62,184,4,0.1821157132986654,0.19587805069114578,14385,35105,0.5902293120638086,0.15369857394292874,0.16813716647031002,7,9,False,"{""ab_weighted_recall"": true, ""false_fast"": true, ""oversampling"": false, ""reaction"": true, ""reduction"": true, ""tier_a_recall"": true, ""tier_a_snapshot_recall"": true, ""tier_b_recall"": true, ""tier_b_snapshot_recall"": false}"
asym-log_excess-price_heavy-balanced-tau1900-g0.75,205,45,756,1.0,1.0,0.7063492063492064,1.0,0.9333333333333333,0.6388888888888888,0.4,0.6888888888888889,1.0,0.0,250.0,0.0,0.0,3000.0,9412.499999999987,250,0,49,201,0,0.0874068147932652,0.10188079960689081,11145,35105,0.6825238570004273,0.25215115868741644,0.1852247035790173,8,9,False,"{""ab_weighted_recall"": true, ""false_fast"": true, ""oversampling"": false, ""reaction"": true, ""reduction"": true, ""tier_a_recall"": true, ""tier_a_snapshot_recall"": true, ""tier_b_recall"": true, ""tier_b_snapshot_recall"": true}"
asym-sqrt_excess-balanced-balanced-tau1900-g1.2,205,45,756,1.0,1.0,0.9391534391534392,1.0,1.0,0.8624338624338624,0.5756097560975609,0.9333333333333333,1.0,0.0,0.0,0.0,0.0,4750.0,27137.499999999996,250,0,67,174,9,0.25163824139059604,0.26446563499241554,16709,35105,0.5240279162512462,0.12909950989452257,0.15175215839180584,7,9,False,"{""ab_weighted_recall"": true, ""false_fast"": false, ""oversampling"": false, ""reaction"": true, ""reduction"": true, ""tier_a_recall"": true, ""tier_a_snapshot_recall"": true, ""tier_b_recall"": true, ""tier_b_snapshot_recall"": true}"
asym-log_excess-price_heavy-clean_release-tau1000-g0.55,205,45,756,1.0,1.0,0.3558201058201058,0.9902439024390244,0.8,0.31216931216931215,0.24390243902439024,0.6222222222222222,1.0,0.0,0.0,0.0,0.0,1500.0,3750.0,250,0,18,232,0,0.03885232190261464,0.052001509767196745,9013,35105,0.7432559464463752,0.3748646889483233,0.19714670655500602,8,9,False,"{""ab_weighted_recall"": true, ""false_fast"": true, ""oversampling"": true, ""reaction"": true, ""reduction"": true, ""tier_a_recall"": true, ""tier_a_snapshot_recall"": true, ""tier_b_recall"": true, ""tier_b_snapshot_recall"": false}"
asym-sqrt_excess-confluence-fidelity-tau1400-g0.75,205,45,756,1.0,1.0,0.9153439153439153,1.0,0.8888888888888888,0.8029100529100529,0.4878048780487805,0.9111111111111111,1.0,0.0,0.0,0.0,0.0,3250.0,16687.499999999978,250,0,61,186,3,0.16940252372813558,0.18332989125403257,14104,35105,0.5982338698191141,0.15698422554220456,0.17012869946051448,7,9,False,"{""ab_weighted_recall"": true, ""false_fast"": true, ""oversampling"": false, ""reaction"": true, ""reduction"": true, ""tier_a_recall"": true, ""tier_a_snapshot_recall"": true, ""tier_b_recall"": true, ""tier_b_snapshot_recall"": false}"
asym-sqrt_excess-confluence-balanced-tau1900-g0.75,205,45,756,1.0,1.0,0.8809523809523809,1.0,0.9333333333333333,0.8161375661375662,0.5121951219512195,0.8666666666666667,1.0,0.0,0.0,0.0,0.0,3875.0,18274.999999999993,250,0,62,183,5,0.17324993636132224,0.1871327954194233,13909,35105,0.6037886340977069,0.16179567523618443,0.1706241966589528,8,9,False,"{""ab_weighted_recall"": true, ""false_fast"": true, ""oversampling"": false, ""reaction"": true, ""reduction"": true, ""tier_a_recall"": true, ""tier_a_snapshot_recall"": true, ""tier_b_recall"": true, ""tier_b_snapshot_recall"": true}"
asym-log_excess-balanced-responsive-tau1900-g1.2,205,45,756,1.0,1.0,0.9113756613756614,1.0,0.9555555555555556,0.8055555555555556,0.5365853658536586,0.9111111111111111,1.0,0.0,0.0,0.0,0.0,5000.0,27274.999999999993,250,0,69,170,11,0.23632859376704607,0.2493964491984703,15667,35105,0.5537102976783934,0.14087407008293493,0.15886710410747776,7,9,False,"{""ab_weighted_recall"": true, ""false_fast"": false, ""oversampling"": false, ""reaction"": true, ""reduction"": true, ""tier_a_recall"": true, ""tier_a_snapshot_recall"": true, ""tier_b_recall"": true, ""tier_b_snapshot_recall"": true}"
asym-log_excess-price_heavy-fidelity-tau1000-g0.75,205,45,756,1.0,1.0,0.6653439153439153,1.0,0.8,0.593915343915344,0.33170731707317075,0.7333333333333333,1.0,0.0,250.0,0.0,0.0,2000.0,5250.0,250,0,30,220,0,0.05617658823957235,0.07032524088620486,10281,35105,0.7071357356501923,0.27575015752330007,0.19422023047001952,8,9,False,"{""ab_weighted_recall"": true, ""false_fast"": true, ""oversampling"": true, ""reaction"": true, ""reduction"": true, ""tier_a_recall"": true, ""tier_a_snapshot_recall"": true, ""tier_b_recall"": true, ""tier_b_snapshot_recall"": false}"
asym-log_excess-confluence-balanced-tau1000-g0.75,205,45,756,1.0,1.0,0.6706349206349206,0.9951219512195122,0.8444444444444444,0.6005291005291006,0.2634146341463415,0.6222222222222222,1.0,0.0,250.0,0.0,0.0,1875.0,5000.0,250,0,26,224,0,0.04979090148732681,0.06365235473831889,10440,35105,0.7026064663153397,0.26793660631614885,0.1976546561976377,8,9,False,"{""ab_weighted_recall"": true, ""false_fast"": true, ""oversampling"": true, ""reaction"": true, ""reduction"": true, ""tier_a_recall"": true, ""tier_a_snapshot_recall"": true, ""tier_b_recall"": true, ""tier_b_snapshot_recall"": false}"
asym-sqrt_excess-balanced-fidelity-tau700-g0.95,205,45,756,1.0,1.0,0.8862433862433863,1.0,0.8888888888888888,0.7738095238095238,0.4146341463414634,0.8666666666666667,1.0,0.0,0.0,0.0,0.0,2250.0,7024.999999999992,250,0,36,213,1,0.10199643623404488,0.1158603892635612,13111,35105,0.6265204386839481,0.17638918177838947,0.17736566468216547,7,9,False,"{""ab_weighted_recall"": true, ""false_fast"": true, ""oversampling"": false, ""reaction"": true, ""reduction"": true, ""tier_a_recall"": true, ""tier_a_snapshot_recall"": true, ""tier_b_recall"": true, ""tier_b_snapshot_recall"": false}"
asym-sqrt_excess-confluence-clean_release-tau1000-g0.75,205,45,756,1.0,1.0,0.7619047619047619,1.0,0.9333333333333333,0.701058201058201,0.4195121951219512,0.6666666666666666,1.0,0.0,0.0,0.0,0.0,2000.0,6250.0,250,0,32,218,0,0.06568238845048911,0.07960461191149346,11028,35105,0.685856715567583,0.2286513669965452,0.191350822437381,8,9,False,"{""ab_weighted_recall"": true, ""false_fast"": true, ""oversampling"": false, ""reaction"": true, ""reduction"": true, ""tier_a_recall"": true, ""tier_a_snapshot_recall"": true, ""tier_b_recall"": true, ""tier_b_snapshot_recall"": true}"
asym-log_excess-price_heavy-responsive-tau1000-g0.55,205,45,756,1.0,1.0,0.5582010582010583,1.0,0.8222222222222222,0.49867724867724866,0.25365853658536586,0.7111111111111111,1.0,0.0,250.0,0.0,0.0,2000.0,4750.0,250,0,29,221,0,0.05064184152150987,0.06466361389840407,9612,35105,0.7261928500213645,0.32334186461519043,0.19790521818584622,8,9,False,"{""ab_weighted_recall"": true, ""false_fast"": true, ""oversampling"": true, ""reaction"": true, ""reduction"": true, ""tier_a_recall"": true, ""tier_a_snapshot_recall"": true, ""tier_b_recall"": true, ""tier_b_snapshot_recall"": false}"
asym-log_excess-balanced-balanced-tau1400-g0.55,205,45,756,1.0,1.0,0.6124338624338624,1.0,0.8666666666666667,0.5423280423280423,0.2634146341463415,0.6222222222222222,1.0,0.0,250.0,0.0,0.0,2250.0,5750.0,250,0,33,217,0,0.0532673915415106,0.06725585568904494,10240,35105,0.7083036604472297,0.2998349043352686,0.19559151639295363,8,9,False,"{""ab_weighted_recall"": true, ""false_fast"": true, ""oversampling"": true, ""reaction"": true, ""reduction"": true, ""tier_a_recall"": true, ""tier_a_snapshot_recall"": true, ""tier_b_recall"": true, ""tier_b_snapshot_recall"": false}"
asym-log_excess-price_heavy-clean_release-tau700-g0.55,205,45,756,1.0,1.0,0.32671957671957674,0.9853658536585366,0.5777777777777777,0.24867724867724866,0.1951219512195122,0.6,1.0,0.0,0.0,0.0,0.0,1000.0,2250.0,250,0,10,240,0,0.030699298156296594,0.042544100157386106,8776,35105,0.7500071214926649,0.387701100908261,0.20070355282332525,8,9,False,"{""ab_weighted_recall"": true, ""false_fast"": true, ""oversampling"": true, ""reaction"": true, ""reduction"": true, ""tier_a_recall"": true, ""tier_a_snapshot_recall"": true, ""tier_b_recall"": true, ""tier_b_snapshot_recall"": false}"
asym-log_excess-confluence-balanced-tau1000-g1.2,205,45,756,1.0,1.0,0.7764550264550265,1.0,0.9111111111111111,0.7103174603174603,0.4195121951219512,0.7333333333333333,1.0,0.0,0.0,0.0,0.0,2250.0,7774.999999999992,250,0,41,208,1,0.0875522746281683,0.10183094880322463,11962,35105,0.6592508189716564,0.1931677345198243,0.18686622592069355,8,9,False,"{""ab_weighted_recall"": true, ""false_fast"": true, ""oversampling"": false, ""reaction"": true, ""reduction"": true, ""tier_a_recall"": true, ""tier_a_snapshot_recall"": true, ""tier_b_recall"": true, ""tier_b_snapshot_recall"": true}"
asym-sqrt_excess-balanced-clean_release-tau1000-g1.2,205,45,756,1.0,1.0,0.8650793650793651,1.0,0.9111111111111111,0.7791005291005291,0.43414634146341463,0.8888888888888888,1.0,0.0,0.0,0.0,0.0,2250.0,9637.499999999996,250,0,45,203,2,0.12122622640823302,0.13489627472065746,13395,35105,0.6184304230166643,0.16361057689280128,0.17575818634979573,8,9,False,"{""ab_weighted_recall"": true, ""false_fast"": true, ""oversampling"": false, ""reaction"": true, ""reduction"": true, ""tier_a_recall"": true, ""tier_a_snapshot_recall"": true, ""tier_b_recall"": true, ""tier_b_snapshot_recall"": true}"
asym-sqrt_excess-balanced-balanced-tau700-g0.55,205,45,756,1.0,1.0,0.7023809523809523,1.0,0.8888888888888888,0.6164021164021164,0.3902439024390244,0.6222222222222222,1.0,0.0,250.0,0.0,0.0,1500.0,4000.0,250,0,19,231,0,0.04477981017491545,0.058197252508563654,9762,35105,0.7219199544224469,0.2914236186157286,0.1986287029954303,8,9,False,"{""ab_weighted_recall"": true, ""false_fast"": true, ""oversampling"": true, ""reaction"": true, ""reduction"": true, ""tier_a_recall"": true, ""tier_a_snapshot_recall"": true, ""tier_b_recall"": true, ""tier_b_snapshot_recall"": false}"
asym-sqrt_excess-price_heavy-clean_release-tau1900-g1.2,205,45,756,1.0,1.0,0.8637566137566137,1.0,0.9555555555555556,0.8201058201058201,0.5073170731707317,0.8444444444444444,1.0,0.0,0.0,0.0,0.0,3000.0,16687.499999999978,250,0,58,188,4,0.15903123749954542,0.17301789643851614,13827,35105,0.6061244836917818,0.15973067956168735,0.17112324340681173,8,9,False,"{""ab_weighted_recall"": true, ""false_fast"": true, ""oversampling"": false, ""reaction"": true, ""reduction"": true, ""tier_a_recall"": true, ""tier_a_snapshot_recall"": true, ""tier_b_recall"": true, ""tier_b_snapshot_recall"": true}"
asym-log_excess-balanced-fidelity-tau1400-g0.95,205,45,756,1.0,1.0,0.8148148148148148,1.0,0.8666666666666667,0.7433862433862434,0.44390243902439025,0.8,1.0,0.0,0.0,0.0,0.0,3000.0,12937.499999999978,250,0,54,193,3,0.1219462525910033,0.13629921876669113,12812,35105,0.6350377439111238,0.18018334722650922,0.1782969955619479,7,9,False,"{""ab_weighted_recall"": true, ""false_fast"": true, ""oversampling"": false, ""reaction"": true, ""reduction"": true, ""tier_a_recall"": true, ""tier_a_snapshot_recall"": true, ""tier_b_recall"": true, ""tier_b_snapshot_recall"": false}"
asym-sqrt_excess-balanced-responsive-tau1000-g0.95,205,45,756,1.0,1.0,0.9193121693121693,1.0,0.9111111111111111,0.798941798941799,0.4585365853658537,0.9333333333333333,1.0,0.0,0.0,0.0,0.0,2750.0,14274.99999999999,250,0,53,195,2,0.16679151969162515,0.18056673242225055,14556,35105,0.5853582110810426,0.15400101351911796,0.16826219479093443,8,9,False,"{""ab_weighted_recall"": true, ""false_fast"": true, ""oversampling"": false, ""reaction"": true, ""reduction"": true, ""tier_a_recall"": true, ""tier_a_snapshot_recall"": true, ""tier_b_recall"": true, ""tier_b_snapshot_recall"": true}"
asym-sqrt_excess-price_heavy-balanced-tau2600-g0.55,205,45,756,1.0,1.0,0.7870370370370371,1.0,0.9555555555555556,0.753968253968254,0.5073170731707317,0.7555555555555555,1.0,0.0,0.0,0.0,0.0,4375.0,16912.499999999985,250,0,65,181,4,0.13539401432779374,0.14963786951908217,12297,35105,0.6497080188007407,0.2156412879383317,0.17978850142812136,8,9,False,"{""ab_weighted_recall"": true, ""false_fast"": true, ""oversampling"": false, ""reaction"": true, ""reduction"": true, ""tier_a_recall"": true, ""tier_a_snapshot_recall"": true, ""tier_b_recall"": true, ""tier_b_snapshot_recall"": true}"
asym-log_excess-price_heavy-responsive-tau1400-g0.55,205,45,756,1.0,1.0,0.6494708994708994,1.0,0.8222222222222222,0.5740740740740741,0.3121951219512195,0.7111111111111111,1.0,0.0,250.0,0.0,0.0,2500.0,6000.0,250,0,35,215,0,0.06710062184079421,0.08137787621333295,10456,35105,0.7021506907847885,0.2884601877244425,0.1924701684395571,8,9,False,"{""ab_weighted_recall"": true, ""false_fast"": true, ""oversampling"": true, ""reaction"": true, ""reduction"": true, ""tier_a_recall"": true, ""tier_a_snapshot_recall"": true, ""tier_b_recall"": true, ""tier_b_snapshot_recall"": false}"
asym-sqrt_excess-price_heavy-responsive-tau1000-g1.2,205,45,756,1.0,1.0,0.917989417989418,1.0,0.9111111111111111,0.798941798941799,0.45365853658536587,0.9333333333333333,1.0,0.0,0.0,0.0,0.0,2750.0,14162.499999999987,250,0,53,195,2,0.16655151096403506,0.18033172149068147,14525,35105,0.5862412761714855,0.15523966333613687,0.16800386284911217,8,9,False,"{""ab_weighted_recall"": true, ""false_fast"": true, ""oversampling"": false, ""reaction"": true, ""reduction"": true, ""tier_a_recall"": true, ""tier_a_snapshot_recall"": true, ""tier_b_recall"": true, ""tier_b_snapshot_recall"": true}"
asym-sqrt_excess-confluence-responsive-tau2600-g0.75,205,45,756,1.0,1.0,0.9629629629629629,1.0,1.0,0.8783068783068783,0.6097560975609756,0.9333333333333333,1.0,0.0,0.0,0.0,0.0,6250.0,30000.0,250,0,83,148,19,0.3022437179533801,0.31437341100563315,17166,35105,0.5110098276598776,0.1320637316416144,0.14511347822824366,7,9,False,"{""ab_weighted_recall"": true, ""false_fast"": false, ""oversampling"": false, ""reaction"": true, ""reduction"": true, ""tier_a_recall"": true, ""tier_a_snapshot_recall"": true, ""tier_b_recall"": true, ""tier_b_snapshot_recall"": true}"
asym-log_excess-price_heavy-responsive-tau1000-g0.75,205,45,756,1.0,1.0,0.6891534391534392,1.0,0.8222222222222222,0.6190476190476191,0.36585365853658536,0.7111111111111111,1.0,0.0,250.0,0.0,0.0,2250.0,5387.499999999995,250,0,30,220,0,0.05869304338339576,0.07289611804670308,10455,35105,0.7021791767554479,0.2629378223205063,0.19393313907569867,8,9,False,"{""ab_weighted_recall"": true, ""false_fast"": true, ""oversampling"": true, ""reaction"": true, ""reduction"": true, ""tier_a_recall"": true, ""tier_a_snapshot_recall"": true, ""tier_b_recall"": true, ""tier_b_snapshot_recall"": false}"
asym-log_excess-balanced-clean_release-tau1000-g0.95,205,45,756,1.0,1.0,0.6732804232804233,1.0,0.8666666666666667,0.5992063492063492,0.3024390243902439,0.6222222222222222,1.0,0.0,250.0,0.0,0.0,1875.0,5250.0,250,0,27,223,0,0.05056911160405833,0.0642648074690747,10380,35105,0.7043156245549067,0.2635237548012166,0.19790713742325708,8,9,False,"{""ab_weighted_recall"": true, ""false_fast"": true, ""oversampling"": true, ""reaction"": true, ""reduction"": true, ""tier_a_recall"": true, ""tier_a_snapshot_recall"": true, ""tier_b_recall"": true, ""tier_b_snapshot_recall"": false}"
asym-sqrt_excess-confluence-responsive-tau700-g1.2,205,45,756,1.0,1.0,0.9087301587301587,1.0,0.9555555555555556,0.794973544973545,0.43414634146341463,0.9333333333333333,1.0,0.0,0.0,0.0,0.0,2500.0,11162.499999999987,250,0,49,199,2,0.17198443579766537,0.1853239234006794,15570,35105,0.5564734368323601,0.145515961204931,0.1631979814439885,8,9,False,"{""ab_weighted_recall"": true, ""false_fast"": true, ""oversampling"": false, ""reaction"": true, ""reduction"": true, ""tier_a_recall"": true, ""tier_a_snapshot_recall"": true, ""tier_b_recall"": true, ""tier_b_snapshot_recall"": true}"
asym-sqrt_excess-confluence-clean_release-tau1400-g0.95,205,45,756,1.0,1.0,0.8505291005291006,1.0,0.9333333333333333,0.7936507936507936,0.4682926829268293,0.8444444444444444,1.0,0.0,0.0,0.0,0.0,2750.0,11412.499999999987,250,0,52,196,2,0.1289283246663515,0.1428937679373874,13141,35105,0.6256658595641647,0.16908452804753335,0.17780578349371906,8,9,False,"{""ab_weighted_recall"": true, ""false_fast"": true, ""oversampling"": false, ""reaction"": true, ""reduction"": true, ""tier_a_recall"": true, ""tier_a_snapshot_recall"": true, ""tier_b_recall"": true, ""tier_b_snapshot_recall"": true}"
asym-sqrt_excess-price_heavy-responsive-tau1900-g0.75,205,45,756,1.0,1.0,0.9007936507936508,1.0,0.9111111111111111,0.8108465608465608,0.5073170731707317,0.8666666666666667,1.0,0.0,0.0,0.0,0.0,4500.0,21099.999999999967,250,0,66,177,7,0.1816866067857013,0.19551485197872082,14004,35105,0.6010824668850592,0.16379927711413594,0.1675343347431165,8,9,False,"{""ab_weighted_recall"": true, ""false_fast"": true, ""oversampling"": false, ""reaction"": true, ""reduction"": true, ""tier_a_recall"": true, ""tier_a_snapshot_recall"": true, ""tier_b_recall"": true, ""tier_b_snapshot_recall"": true}"
asym-sqrt_excess-price_heavy-clean_release-tau1400-g0.95,205,45,756,1.0,1.0,0.783068783068783,1.0,0.9333333333333333,0.7513227513227513,0.44390243902439025,0.7111111111111111,1.0,0.0,0.0,0.0,0.0,2500.0,8774.99999999999,250,0,44,204,2,0.09097058074839084,0.10526353271280953,11636,35105,0.6685372454066372,0.21060772501181318,0.19103549855041968,8,9,False,"{""ab_weighted_recall"": true, ""false_fast"": true, ""oversampling"": false, ""reaction"": true, ""reduction"": true, ""tier_a_recall"": true, ""tier_a_snapshot_recall"": true, ""tier_b_recall"": true, ""tier_b_snapshot_recall"": true}"
asym-sqrt_excess-price_heavy-fidelity-tau2600-g0.75,205,45,756,1.0,1.0,0.9153439153439153,1.0,0.9333333333333333,0.828042328042328,0.5609756097560976,0.8888888888888888,1.0,0.0,0.0,0.0,0.0,5500.0,27500.0,250,0,76,163,11,0.22192807011164042,0.2352601855874205,14918,35105,0.5750462897023216,0.15257242527457376,0.16155362035026755,7,9,False,"{""ab_weighted_recall"": true, ""false_fast"": false, ""oversampling"": false, ""reaction"": true, ""reduction"": true, ""tier_a_recall"": true, ""tier_a_snapshot_recall"": true, ""tier_b_recall"": true, ""tier_b_snapshot_recall"": true}"
asym-sqrt_excess-confluence-balanced-tau2600-g0.75,205,45,756,1.0,1.0,0.91005291005291,1.0,1.0,0.83994708994709,0.5560975609756098,0.8666666666666667,1.0,0.0,0.0,0.0,0.0,5000.0,27000.0,250,0,71,170,9,0.2242772464453253,0.23754620101268348,15172,35105,0.5678108531548213,0.14457102608942332,0.15866674936113184,7,9,False,"{""ab_weighted_recall"": true, ""false_fast"": false, ""oversampling"": false, ""reaction"": true, ""reduction"": true, ""tier_a_recall"": true, ""tier_a_snapshot_recall"": true, ""tier_b_recall"": true, ""tier_b_snapshot_recall"": true}"
asym-log_excess-balanced-clean_release-tau2600-g1.2,205,45,756,1.0,1.0,0.8201058201058201,1.0,0.9333333333333333,0.8068783068783069,0.5170731707317073,0.8444444444444444,1.0,0.0,0.0,0.0,0.0,4250.0,19887.499999999996,250,0,66,178,6,0.17220989854176516,0.18611441471595724,13835,35105,0.6058965959265061,0.16431657472132888,0.17111357166004218,8,9,False,"{""ab_weighted_recall"": true, ""false_fast"": true, ""oversampling"": false, ""reaction"": true, ""reduction"": true, ""tier_a_recall"": true, ""tier_a_snapshot_recall"": true, ""tier_b_recall"": true, ""tier_b_snapshot_recall"": true}"
asym-sqrt_excess-balanced-responsive-tau1000-g1.2,205,45,756,1.0,1.0,0.9259259259259259,1.0,1.0,0.843915343915344,0.5073170731707317,0.9333333333333333,1.0,0.0,0.0,0.0,0.0,3250.0,19049.99999999998,250,0,60,187,3,0.21476417324266336,0.22800333288230226,16324,35105,0.5349950149551346,0.13433950966784855,0.15977093056647398,7,9,False,"{""ab_weighted_recall"": true, ""false_fast"": false, ""oversampling"": false, ""reaction"": true, ""reduction"": true, ""tier_a_recall"": true, ""tier_a_snapshot_recall"": true, ""tier_b_recall"": true, ""tier_b_snapshot_recall"": true}"
asym-log_excess-balanced-fidelity-tau1900-g0.75,205,45,756,1.0,1.0,0.8029100529100529,1.0,0.9111111111111111,0.7380952380952381,0.4,0.8222222222222222,1.0,0.0,0.0,0.0,0.0,3750.0,15712.49999999997,250,0,62,185,3,0.12999745445288918,0.14431095507018282,12884,35105,0.6329867540236433,0.19038323215690467,0.17800711198071742,8,9,False,"{""ab_weighted_recall"": true, ""false_fast"": true, ""oversampling"": false, ""reaction"": true, ""reduction"": true, ""tier_a_recall"": true, ""tier_a_snapshot_recall"": true, ""tier_b_recall"": true, ""tier_b_snapshot_recall"": true}"
asym-sqrt_excess-confluence-balanced-tau1400-g0.55,205,45,756,1.0,1.0,0.783068783068783,1.0,0.9333333333333333,0.7394179894179894,0.44878048780487806,0.7111111111111111,1.0,0.0,0.0,0.0,0.0,2750.0,8637.499999999996,250,0,44,206,0,0.08921051674606349,0.10372527934253911,11407,35105,0.6750605326876513,0.2209322537993364,0.19036632372958825,8,9,False,"{""ab_weighted_recall"": true, ""false_fast"": true, ""oversampling"": false, ""reaction"": true, ""reduction"": true, ""tier_a_recall"": true, ""tier_a_snapshot_recall"": true, ""tier_b_recall"": true, ""tier_b_snapshot_recall"": true}"
asym-sqrt_excess-balanced-balanced-tau1900-g0.75,205,45,756,1.0,1.0,0.873015873015873,1.0,0.9555555555555556,0.8214285714285714,0.5121951219512195,0.8444444444444444,1.0,0.0,0.0,0.0,0.0,3750.0,17662.499999999985,250,0,62,183,5,0.16529328339212335,0.17925636844016835,13638,35105,0.6115083321464179,0.16318210591183985,0.1715141145229755,8,9,False,"{""ab_weighted_recall"": true, ""false_fast"": true, ""oversampling"": false, ""reaction"": true, ""reduction"": true, ""tier_a_recall"": true, ""tier_a_snapshot_recall"": true, ""tier_b_recall"": true, ""tier_b_snapshot_recall"": true}"
asym-sqrt_excess-price_heavy-balanced-tau2600-g1.2,205,45,756,1.0,1.0,0.9431216931216931,1.0,1.0,0.8650793650793651,0.6048780487804878,0.9111111111111111,1.0,0.0,0.0,0.0,0.0,5500.0,27912.499999999985,250,0,76,162,12,0.26176951889159605,0.27447852498593495,16390,35105,0.5331149408916109,0.13471526372684767,0.15213178789166498,7,9,False,"{""ab_weighted_recall"": true, ""false_fast"": false, ""oversampling"": false, ""reaction"": true, ""reduction"": true, ""tier_a_recall"": true, ""tier_a_snapshot_recall"": true, ""tier_b_recall"": true, ""tier_b_snapshot_recall"": true}"
asym-log_excess-confluence-responsive-tau700-g1.2,205,45,756,1.0,1.0,0.8161375661375662,1.0,0.8444444444444444,0.7076719576719577,0.4,0.7777777777777778,1.0,0.0,0.0,0.0,0.0,2125.0,6637.499999999995,250,0,35,215,0,0.07864285974035419,0.09291477649036099,12160,35105,0.6536105967810852,0.19375652023971682,0.1850042509184076,7,9,False,"{""ab_weighted_recall"": true, ""false_fast"": true, ""oversampling"": false, ""reaction"": true, ""reduction"": true, ""tier_a_recall"": true, ""tier_a_snapshot_recall"": true, ""tier_b_recall"": true, ""tier_b_snapshot_recall"": false}"
asym-log_excess-price_heavy-fidelity-tau1400-g0.75,205,45,756,1.0,1.0,0.7182539682539683,1.0,0.8222222222222222,0.6481481481481481,0.3804878048780488,0.7555555555555555,1.0,0.0,0.0,0.0,0.0,2750.0,7887.499999999995,250,0,41,209,0,0.07491181497509,0.08942522023372905,11103,35105,0.6837202677681242,0.24860894399324493,0.188304897796993,7,9,False,"{""ab_weighted_recall"": true, ""false_fast"": true, ""oversampling"": false, ""reaction"": true, ""reduction"": true, ""tier_a_recall"": true, ""tier_a_snapshot_recall"": true, ""tier_b_recall"": true, ""tier_b_snapshot_recall"": false}"
asym-log_excess-price_heavy-balanced-tau1000-g1.2,205,45,756,1.0,1.0,0.7129629629629629,1.0,0.8888888888888888,0.6441798941798942,0.424390243902439,0.6444444444444445,1.0,0.0,0.0,0.0,0.0,2125.0,6137.499999999995,250,0,34,216,0,0.06145678024655442,0.07560942607481894,10837,35105,0.6912975359635379,0.24177471077135473,0.1928858589246816,7,9,False,"{""ab_weighted_recall"": true, ""false_fast"": true, ""oversampling"": false, ""reaction"": true, ""reduction"": true, ""tier_a_recall"": true, ""tier_a_snapshot_recall"": true, ""tier_b_recall"": true, ""tier_b_snapshot_recall"": false}"
asym-log_excess-price_heavy-balanced-tau2600-g0.55,205,45,756,1.0,1.0,0.6613756613756614,1.0,0.9111111111111111,0.6084656084656085,0.3804878048780488,0.7111111111111111,1.0,0.0,250.0,0.0,0.0,3750.0,12387.499999999996,250,0,58,191,1,0.09733444852540092,0.11181535262322051,11183,35105,0.6814413901153682,0.2724203617916777,0.18378317217581644,8,9,False,"{""ab_weighted_recall"": true, ""false_fast"": true, ""oversampling"": false, ""reaction"": true, ""reduction"": true, ""tier_a_recall"": true, ""tier_a_snapshot_recall"": true, ""tier_b_recall"": true, ""tier_b_snapshot_recall"": true}"
asym-sqrt_excess-price_heavy-clean_release-tau700-g0.75,205,45,756,1.0,1.0,0.66005291005291,0.9853658536585366,0.8888888888888888,0.6005291005291006,0.3853658536585366,0.6,1.0,0.0,250.0,0.0,0.0,1500.0,3774.9999999999914,250,0,18,232,0,0.04232153896505327,0.055448336763543396,9267,35105,0.7360205098988748,0.3124142091314232,0.1997405720842854,8,9,False,"{""ab_weighted_recall"": true, ""false_fast"": true, ""oversampling"": true, ""reaction"": true, ""reduction"": true, ""tier_a_recall"": true, ""tier_a_snapshot_recall"": true, ""tier_b_recall"": true, ""tier_b_snapshot_recall"": false}"
asym-log_excess-balanced-responsive-tau1900-g0.75,205,45,756,1.0,1.0,0.828042328042328,1.0,0.8888888888888888,0.75,0.4097560975609756,0.8222222222222222,1.0,0.0,0.0,0.0,0.0,4250.0,18274.999999999993,250,0,63,182,5,0.14301610967671552,0.15722231321972097,13217,35105,0.6235009257940465,0.17947709771498696,0.17474603321439644,7,9,False,"{""ab_weighted_recall"": true, ""false_fast"": true, ""oversampling"": false, ""reaction"": true, ""reduction"": true, ""tier_a_recall"": true, ""tier_a_snapshot_recall"": true, ""tier_b_recall"": true, ""tier_b_snapshot_recall"": false}"
asym-sqrt_excess-confluence-responsive-tau700-g0.55,205,45,756,1.0,1.0,0.7976190476190477,1.0,0.8666666666666667,0.6759259259259259,0.40487804878048783,0.6888888888888889,1.0,0.0,0.0,0.0,0.0,1750.0,5250.0,250,0,25,225,0,0.05398741772428088,0.06805346854770365,10919,35105,0.688961686369463,0.23669301568917242,0.19412867521370383,8,9,False,"{""ab_weighted_recall"": true, ""false_fast"": true, ""oversampling"": true, ""reaction"": true, ""reduction"": true, ""tier_a_recall"": true, ""tier_a_snapshot_recall"": true, ""tier_b_recall"": true, ""tier_b_snapshot_recall"": false}"
asym-log_excess-price_heavy-fidelity-tau1400-g1.2,205,45,756,1.0,1.0,0.8174603174603174,1.0,0.8666666666666667,0.7433862433862434,0.4634146341463415,0.8,1.0,0.0,0.0,0.0,0.0,3000.0,12937.499999999978,250,0,56,191,3,0.12503000109094875,0.1393472393337084,12728,35105,0.6374305654465175,0.1808655480331086,0.17847067784018072,7,9,False,"{""ab_weighted_recall"": true, ""false_fast"": true, ""oversampling"": false, ""reaction"": true, ""reduction"": true, ""tier_a_recall"": true, ""tier_a_snapshot_recall"": true, ""tier_b_recall"": true, ""tier_b_snapshot_recall"": false}"
asym-log_excess-price_heavy-fidelity-tau700-g0.75,205,45,756,1.0,1.0,0.5621693121693122,1.0,0.7777777777777778,0.4973544973544973,0.3121951219512195,0.7111111111111111,1.0,0.0,250.0,0.0,0.0,1500.0,3750.0,250,0,18,232,0,0.043005200189097786,0.056509446727294736,9405,35105,0.7320894459478706,0.3208590747118378,0.19769535928866575,8,9,False,"{""ab_weighted_recall"": true, ""false_fast"": true, ""oversampling"": true, ""reaction"": true, ""reduction"": true, ""tier_a_recall"": true, ""tier_a_snapshot_recall"": true, ""tier_b_recall"": true, ""tier_b_snapshot_recall"": false}"
asym-sqrt_excess-price_heavy-clean_release-tau2600-g0.95,205,45,756,1.0,1.0,0.8478835978835979,1.0,0.9555555555555556,0.8214285714285714,0.526829268292683,0.8444444444444444,1.0,0.0,0.0,0.0,0.0,4250.0,19887.499999999996,250,0,65,179,6,0.16590421469871633,0.17990442888782857,13505,35105,0.6152969662441248,0.17047152940066299,0.17305390634274612,8,9,False,"{""ab_weighted_recall"": true, ""false_fast"": true, ""oversampling"": false, ""reaction"": true, ""reduction"": true, ""tier_a_recall"": true, ""tier_a_snapshot_recall"": true, ""tier_b_recall"": true, ""tier_b_snapshot_recall"": true}"
asym-log_excess-price_heavy-balanced-tau1000-g0.55,205,45,756,1.0,1.0,0.40476190476190477,0.9951219512195122,0.8,0.3637566137566138,0.24878048780487805,0.6222222222222222,1.0,0.0,250.0,0.0,0.0,1750.0,4000.0,250,0,22,228,0,0.04376159133059384,0.057292816499191705,9075,35105,0.7414898162654893,0.36338269161432474,0.1968828438392203,8,9,False,"{""ab_weighted_recall"": true, ""false_fast"": true, ""oversampling"": true, ""reaction"": true, ""reduction"": true, ""tier_a_recall"": true, ""tier_a_snapshot_recall"": true, ""tier_b_recall"": true, ""tier_b_snapshot_recall"": false}"
asym-log_excess-balanced-responsive-tau700-g1.2,205,45,756,1.0,1.0,0.8015873015873016,1.0,0.8444444444444444,0.6891534391534392,0.4,0.7555555555555555,1.0,0.0,0.0,0.0,0.0,2000.0,6500.0,250,0,34,216,0,0.07254081966616968,0.08681873535632642,11929,35105,0.6601908560034183,0.20188686400232939,0.18495176656328194,7,9,False,"{""ab_weighted_recall"": true, ""false_fast"": true, ""oversampling"": false, ""reaction"": true, ""reduction"": true, ""tier_a_recall"": true, ""tier_a_snapshot_recall"": true, ""tier_b_recall"": true, ""tier_b_snapshot_recall"": false}"
asym-sqrt_excess-balanced-balanced-tau1000-g0.95,205,45,756,1.0,1.0,0.876984126984127,1.0,0.9111111111111111,0.7724867724867724,0.43414634146341463,0.8444444444444444,1.0,0.0,0.0,0.0,0.0,2500.0,9887.499999999996,250,0,45,203,2,0.11508054838357759,0.12905660914833464,12960,35105,0.6308218202535252,0.17313588474754518,0.1778278894518566,8,9,False,"{""ab_weighted_recall"": true, ""false_fast"": true, ""oversampling"": false, ""reaction"": true, ""reduction"": true, ""tier_a_recall"": true, ""tier_a_snapshot_recall"": true, ""tier_b_recall"": true, ""tier_b_snapshot_recall"": true}"
asym-log_excess-balanced-clean_release-tau2600-g0.75,205,45,756,1.0,1.0,0.7354497354497355,1.0,0.9333333333333333,0.6970899470899471,0.40487804878048783,0.7333333333333333,1.0,0.0,250.0,0.0,0.0,3500.0,15574.999999999975,250,0,59,188,3,0.11097858103931052,0.12541750048070419,11972,35105,0.658965959265062,0.2254842280725078,0.18250286675318086,8,9,False,"{""ab_weighted_recall"": true, ""false_fast"": true, ""oversampling"": false, ""reaction"": true, ""reduction"": true, ""tier_a_recall"": true, ""tier_a_snapshot_recall"": true, ""tier_b_recall"": true, ""tier_b_snapshot_recall"": true}"
asym-log_excess-confluence-clean_release-tau700-g0.95,205,45,756,1.0,1.0,0.6256613756613757,0.9902439024390244,0.8222222222222222,0.5515873015873016,0.25853658536585367,0.6,1.0,0.0,250.0,0.0,0.0,1500.0,3637.499999999996,250,0,17,233,0,0.03890323284483072,0.05192317279000705,9890,35105,0.7182737501780373,0.29205166846591735,0.20015634412503364,8,9,False,"{""ab_weighted_recall"": true, ""false_fast"": true, ""oversampling"": true, ""reaction"": true, ""reduction"": true, ""tier_a_recall"": true, ""tier_a_snapshot_recall"": true, ""tier_b_recall"": true, ""tier_b_snapshot_recall"": false}"
asym-log_excess-confluence-clean_release-tau1400-g1.2,205,45,756,1.0,1.0,0.7671957671957672,1.0,0.9555555555555556,0.7222222222222222,0.4292682926829268,0.7333333333333333,1.0,0.0,0.0,0.0,0.0,2500.0,9637.499999999996,250,0,48,200,2,0.099458162114986,0.11367407544563057,12069,35105,0.6562028201110952,0.1954310872036394,0.1866285477856302,8,9,False,"{""ab_weighted_recall"": true, ""false_fast"": true, ""oversampling"": false, ""reaction"": true, ""reduction"": true, ""tier_a_recall"": true, ""tier_a_snapshot_recall"": true, ""tier_b_recall"": true, ""tier_b_snapshot_recall"": true}"
asym-sqrt_excess-price_heavy-fidelity-tau1900-g0.55,205,45,756,1.0,1.0,0.8227513227513228,1.0,0.9111111111111111,0.7671957671957672,0.48292682926829267,0.8,1.0,0.0,0.0,0.0,0.0,3750.0,12250.0,250,0,59,187,4,0.12228081021128041,0.13661968821883078,12215,35105,0.6520438683948155,0.20693303285990491,0.18278701810320092,8,9,False,"{""ab_weighted_recall"": true, ""false_fast"": true, ""oversampling"": false, ""reaction"": true, ""reduction"": true, ""tier_a_recall"": true, ""tier_a_snapshot_recall"": true, ""tier_b_recall"": true, ""tier_b_snapshot_recall"": true}"
asym-sqrt_excess-confluence-fidelity-tau700-g0.55,205,45,756,1.0,1.0,0.7817460317460317,1.0,0.8222222222222222,0.6838624338624338,0.40487804878048783,0.7111111111111111,1.0,0.0,0.0,0.0,0.0,1750.0,4887.499999999995,250,0,23,227,0,0.05095458016655151,0.06482028785278346,10699,35105,0.6952285999145421,0.24291301378373736,0.19479926089635716,8,9,False,"{""ab_weighted_recall"": true, ""false_fast"": true, ""oversampling"": true, ""reaction"": true, ""reduction"": true, ""tier_a_recall"": true, ""tier_a_snapshot_recall"": true, ""tier_b_recall"": true, ""tier_b_snapshot_recall"": false}"
asym-sqrt_excess-price_heavy-responsive-tau2600-g0.75,205,45,756,1.0,1.0,0.9351851851851852,1.0,0.9555555555555556,0.8425925925925926,0.5658536585365853,0.8888888888888888,1.0,0.0,0.0,0.0,0.0,5750.0,27912.499999999985,250,0,78,160,12,0.24132513909596712,0.25433167876142115,15396,35105,0.5614299957271044,0.14638974207417968,0.15573251385591325,7,9,False,"{""ab_weighted_recall"": true, ""false_fast"": false, ""oversampling"": false, ""reaction"": true, ""reduction"": true, ""tier_a_recall"": true, ""tier_a_snapshot_recall"": true, ""tier_b_recall"": true, ""tier_b_snapshot_recall"": true}"
asym-sqrt_excess-balanced-responsive-tau1900-g1.2,205,45,756,1.0,1.0,0.9603174603174603,1.0,1.0,0.8981481481481481,0.6487804878048781,0.9555555555555556,1.0,0.0,0.0,0.0,0.0,5500.0,30000.0,250,0,76,158,16,0.3274519073420852,0.3391919896880052,18533,35105,0.472069505768409,0.11828369270384455,0.14124495207293322,7,9,False,"{""ab_weighted_recall"": true, ""false_fast"": false, ""oversampling"": false, ""reaction"": true, ""reduction"": true, ""tier_a_recall"": true, ""tier_a_snapshot_recall"": true, ""tier_b_recall"": true, ""tier_b_snapshot_recall"": true}"
asym-sqrt_excess-confluence-responsive-tau2600-g0.95,205,45,756,1.0,1.0,0.966931216931217,1.0,1.0,0.906084656084656,0.6487804878048781,0.9555555555555556,1.0,0.0,0.0,0.0,0.0,6500.0,30000.0,250,0,83,144,23,0.3549438161387687,0.366367799229449,18803,35105,0.46437829369035755,0.11765657817183112,0.13713870007214984,7,9,False,"{""ab_weighted_recall"": true, ""false_fast"": false, ""oversampling"": false, ""reaction"": true, ""reduction"": true, ""tier_a_recall"": true, ""tier_a_snapshot_recall"": true, ""tier_b_recall"": true, ""tier_b_snapshot_recall"": true}"
asym-log_excess-price_heavy-clean_release-tau2600-g0.55,205,45,756,1.0,1.0,0.5806878306878307,1.0,0.9111111111111111,0.5211640211640212,0.35609756097560974,0.6888888888888889,1.0,0.0,150.00000000000568,0.0,0.0,3000.0,9024.99999999999,250,0,50,200,0,0.08001745518018837,0.09451000220767845,10501,35105,0.7008688221051133,0.3069344446882847,0.1883834681581625,8,9,False,"{""ab_weighted_recall"": true, ""false_fast"": true, ""oversampling"": false, ""reaction"": true, ""reduction"": true, ""tier_a_recall"": true, ""tier_a_snapshot_recall"": true, ""tier_b_recall"": true, ""tier_b_snapshot_recall"": true}"
asym-sqrt_excess-balanced-fidelity-tau1400-g0.55,205,45,756,1.0,1.0,0.8386243386243386,1.0,0.8888888888888888,0.7632275132275133,0.4585365853658537,0.7777777777777778,1.0,0.0,0.0,0.0,0.0,2875.0,11162.499999999987,250,0,48,199,3,0.1098003563765955,0.12416410884566903,12162,35105,0.6535536248397664,0.19496674104936018,0.1865053581852411,7,9,False,"{""ab_weighted_recall"": true, ""false_fast"": true, ""oversampling"": false, ""reaction"": true, ""reduction"": true, ""tier_a_recall"": true, ""tier_a_snapshot_recall"": true, ""tier_b_recall"": true, ""tier_b_snapshot_recall"": false}"
asym-sqrt_excess-price_heavy-clean_release-tau2600-g0.75,205,45,756,1.0,1.0,0.8015873015873016,1.0,0.9333333333333333,0.7724867724867724,0.5073170731707317,0.7777777777777778,1.0,0.0,0.0,0.0,0.0,3750.0,16799.99999999998,250,0,62,184,4,0.13497218080657478,0.14917496919932488,12333,35105,0.6486825238570004,0.20082438319750143,0.1825577412276929,8,9,False,"{""ab_weighted_recall"": true, ""false_fast"": true, ""oversampling"": false, ""reaction"": true, ""reduction"": true, ""tier_a_recall"": true, ""tier_a_snapshot_recall"": true, ""tier_b_recall"": true, ""tier_b_snapshot_recall"": true}"
asym-log_excess-balanced-responsive-tau2600-g0.55,205,45,756,1.0,1.0,0.8042328042328042,1.0,0.9111111111111111,0.7367724867724867,0.4146341463414634,0.8222222222222222,1.0,0.0,0.0,0.0,0.0,4750.0,20987.49999999996,250,0,69,176,5,0.1437797738099567,0.15794158910119002,13117,35105,0.6263495228599915,0.1966195751821762,0.17435586582521678,8,9,False,"{""ab_weighted_recall"": true, ""false_fast"": true, ""oversampling"": false, ""reaction"": true, ""reduction"": true, ""tier_a_recall"": true, ""tier_a_snapshot_recall"": true, ""tier_b_recall"": true, ""tier_b_snapshot_recall"": true}"
asym-log_excess-confluence-clean_release-tau1000-g0.75,205,45,756,1.0,1.0,0.6124338624338624,0.9902439024390244,0.8666666666666667,0.5423280423280423,0.25365853658536586,0.6222222222222222,1.0,0.0,250.0,0.0,0.0,1750.0,4500.0,250,0,23,227,0,0.04385614022328085,0.05731418112933435,9883,35105,0.7184731519726535,0.3009054686181115,0.19865086639685403,8,9,False,"{""ab_weighted_recall"": true, ""false_fast"": true, ""oversampling"": true, ""reaction"": true, ""reduction"": true, ""tier_a_recall"": true, ""tier_a_snapshot_recall"": true, ""tier_b_recall"": true, ""tier_b_snapshot_recall"": false}"
asym-log_excess-price_heavy-clean_release-tau700-g1.2,205,45,756,1.0,1.0,0.6124338624338624,0.9853658536585366,0.8888888888888888,0.5317460317460317,0.3853658536585366,0.6,1.0,0.0,250.0,0.0,0.0,1500.0,3637.499999999996,250,0,18,232,0,0.042110622204443796,0.05524181200549783,9297,35105,0.7351659307790913,0.30326112511309816,0.19972166485200665,8,9,False,"{""ab_weighted_recall"": true, ""false_fast"": true, ""oversampling"": true, ""reaction"": true, ""reduction"": true, ""tier_a_recall"": true, ""tier_a_snapshot_recall"": true, ""tier_b_recall"": true, ""tier_b_snapshot_recall"": false}"
asym-log_excess-price_heavy-responsive-tau2600-g0.95,205,45,756,1.0,1.0,0.8783068783068783,1.0,0.9333333333333333,0.7976190476190477,0.5463414634146342,0.8888888888888888,1.0,0.0,0.0,0.0,0.0,5500.0,27500.0,250,0,74,165,11,0.20547656278410123,0.21899458050548715,14458,35105,0.5881498362056687,0.16170896620867775,0.16449086405702165,7,9,False,"{""ab_weighted_recall"": true, ""false_fast"": false, ""oversampling"": false, ""reaction"": true, ""reduction"": true, ""tier_a_recall"": true, ""tier_a_snapshot_recall"": true, ""tier_b_recall"": true, ""tier_b_snapshot_recall"": true}"
asym-log_excess-confluence-balanced-tau2600-g1.2,205,45,756,1.0,1.0,0.8822751322751323,1.0,0.9555555555555556,0.8187830687830688,0.551219512195122,0.8666666666666667,1.0,0.0,0.0,0.0,0.0,5250.0,27274.999999999993,250,0,71,168,11,0.23105567475180916,0.24419060098704592,15486,35105,0.5588662583677539,0.14405896150041034,0.15972260880941727,7,9,False,"{""ab_weighted_recall"": true, ""false_fast"": false, ""oversampling"": false, ""reaction"": true, ""reduction"": true, ""tier_a_recall"": true, ""tier_a_snapshot_recall"": true, ""tier_b_recall"": true, ""tier_b_snapshot_recall"": true}"
asym-log_excess-balanced-balanced-tau700-g0.75,205,45,756,1.0,1.0,0.5753968253968254,0.9902439024390244,0.7777777777777778,0.4947089947089947,0.24390243902439024,0.6,1.0,0.0,250.0,0.0,0.0,1250.0,3387.499999999996,250,0,15,235,0,0.038532310265827846,0.0515955817944865,9535,35105,0.7283862697621422,0.3132880120261667,0.20153848249766612,8,9,False,"{""ab_weighted_recall"": true, ""false_fast"": true, ""oversampling"": true, ""reaction"": true, ""reduction"": true, ""tier_a_recall"": true, ""tier_a_snapshot_recall"": true, ""tier_b_recall"": true, ""tier_b_snapshot_recall"": false}"
asym-log_excess-price_heavy-fidelity-tau1900-g0.95,205,45,756,1.0,1.0,0.8121693121693122,1.0,0.9111111111111111,0.7420634920634921,0.4926829268292683,0.8222222222222222,1.0,0.0,0.0,0.0,0.0,4000.0,17662.499999999985,250,0,63,182,5,0.13598312665915124,0.1502360791630762,12752,35105,0.6367469021506909,0.18992771158352642,0.17849533032949086,8,9,False,"{""ab_weighted_recall"": true, ""false_fast"": true, ""oversampling"": false, ""reaction"": true, ""reduction"": true, ""tier_a_recall"": true, ""tier_a_snapshot_recall"": true, ""tier_b_recall"": true, ""tier_b_snapshot_recall"": true}"
asym-sqrt_excess-price_heavy-fidelity-tau2600-g0.55,205,45,756,1.0,1.0,0.8584656084656085,1.0,0.9333333333333333,0.7883597883597884,0.5365853658536586,0.8666666666666667,1.0,0.0,0.0,0.0,0.0,5125.0,24137.499999999996,250,0,70,172,8,0.1693661587694098,0.18327291890698552,13382,35105,0.6188007406352372,0.1828017393076657,0.1718207592144331,8,9,False,"{""ab_weighted_recall"": true, ""false_fast"": true, ""oversampling"": false, ""reaction"": true, ""reduction"": true, ""tier_a_recall"": true, ""tier_a_snapshot_recall"": true, ""tier_b_recall"": true, ""tier_b_snapshot_recall"": true}"
asym-sqrt_excess-confluence-balanced-tau1400-g1.2,205,45,756,1.0,1.0,0.9206349206349206,1.0,1.0,0.8478835978835979,0.5317073170731708,0.9333333333333333,1.0,0.0,0.0,0.0,0.0,3250.0,18274.999999999993,250,0,59,187,4,0.21153496490781484,0.22484848916457176,16087,35105,0.5417461900014243,0.13307623243901096,0.15855016062711744,7,9,False,"{""ab_weighted_recall"": true, ""false_fast"": false, ""oversampling"": false, ""reaction"": true, ""reduction"": true, ""tier_a_recall"": true, ""tier_a_snapshot_recall"": true, ""tier_b_recall"": true, ""tier_b_snapshot_recall"": true}"
asym-log_excess-confluence-balanced-tau700-g1.2,205,45,756,1.0,1.0,0.7447089947089947,0.9951219512195122,0.8888888888888888,0.6402116402116402,0.3853658536585366,0.6444444444444445,1.0,0.0,0.0,0.0,0.0,1750.0,5500.0,250,0,27,223,0,0.05133277573729954,0.06500544798068637,10959,35105,0.6878222475430851,0.2315023788168868,0.1928291113788557,8,9,False,"{""ab_weighted_recall"": true, ""false_fast"": true, ""oversampling"": true, ""reaction"": true, ""reduction"": true, ""tier_a_recall"": true, ""tier_a_snapshot_recall"": true, ""tier_b_recall"": true, ""tier_b_snapshot_recall"": false}"
asym-sqrt_excess-price_heavy-clean_release-tau700-g1.2,205,45,756,1.0,1.0,0.7738095238095238,0.9853658536585366,0.9111111111111111,0.6759259259259259,0.3951219512195122,0.6444444444444445,1.0,0.0,0.0,0.0,0.0,1750.0,5637.499999999995,250,0,24,226,0,0.052474635441288775,0.06595261325034361,10798,35105,0.6924084888192565,0.22978438525161035,0.19654465028885548,9,9,True,"{""ab_weighted_recall"": true, ""false_fast"": true, ""oversampling"": true, ""reaction"": true, ""reduction"": true, ""tier_a_recall"": true, ""tier_a_snapshot_recall"": true, ""tier_b_recall"": true, ""tier_b_snapshot_recall"": true}"
asym-log_excess-price_heavy-clean_release-tau2600-g0.75,205,45,756,1.0,1.0,0.6931216931216931,1.0,0.9111111111111111,0.6216931216931217,0.4,0.7111111111111111,1.0,0.0,250.0,0.0,0.0,3250.0,12024.99999999999,250,0,54,194,2,0.09755263827775555,0.11201475583788519,11249,35105,0.6795613160518444,0.25821451166681914,0.18410394174907407,8,9,False,"{""ab_weighted_recall"": true, ""false_fast"": true, ""oversampling"": false, ""reaction"": true, ""reduction"": true, ""tier_a_recall"": true, ""tier_a_snapshot_recall"": true, ""tier_b_recall"": true, ""tier_b_snapshot_recall"": true}"
asym-sqrt_excess-price_heavy-clean_release-tau1000-g0.75,205,45,756,1.0,1.0,0.7037037037037037,1.0,0.8666666666666667,0.6216931216931217,0.4097560975609756,0.6222222222222222,1.0,0.0,250.0,0.0,0.0,2000.0,5387.499999999995,250,0,27,223,0,0.05280192006982072,0.06654370135095677,10031,35105,0.7142572283150548,0.2774191971890688,0.19670311559380746,8,9,False,"{""ab_weighted_recall"": true, ""false_fast"": true, ""oversampling"": true, ""reaction"": true, ""reduction"": true, ""tier_a_recall"": true, ""tier_a_snapshot_recall"": true, ""tier_b_recall"": true, ""tier_b_snapshot_recall"": false}"
asym-sqrt_excess-balanced-fidelity-tau1000-g1.2,205,45,756,1.0,1.0,0.9206349206349206,1.0,1.0,0.8386243386243386,0.4975609756097561,0.9333333333333333,1.0,0.0,0.0,0.0,0.0,3000.0,17662.499999999985,250,0,59,188,3,0.20068366122404452,0.21410208020282157,15954,35105,0.5455348240991311,0.1379075345754121,0.16091066732432044,7,9,False,"{""ab_weighted_recall"": true, ""false_fast"": false, ""oversampling"": false, ""reaction"": true, ""reduction"": true, ""tier_a_recall"": true, ""tier_a_snapshot_recall"": true, ""tier_b_recall"": true, ""tier_b_snapshot_recall"": true}"
asym-log_excess-confluence-responsive-tau2600-g0.75,205,45,756,1.0,1.0,0.8796296296296297,1.0,0.9333333333333333,0.8042328042328042,0.47804878048780486,0.8888888888888888,1.0,0.0,0.0,0.0,0.0,5500.0,27912.499999999985,250,0,75,163,12,0.20546201680061094,0.21897321587534452,14713,35105,0.5808859136875089,0.15837940205786824,0.16280507385370618,7,9,False,"{""ab_weighted_recall"": true, ""false_fast"": false, ""oversampling"": false, ""reaction"": true, ""reduction"": true, ""tier_a_recall"": true, ""tier_a_snapshot_recall"": true, ""tier_b_recall"": true, ""tier_b_snapshot_recall"": true}"
asym-sqrt_excess-confluence-fidelity-tau1400-g1.2,205,45,756,1.0,1.0,0.9431216931216931,1.0,1.0,0.8756613756613757,0.5707317073170731,0.9333333333333333,1.0,0.0,0.0,0.0,0.0,4375.0,25662.499999999985,250,0,68,173,9,0.2626713698679952,0.2753473532784025,17433,35105,0.5034040734938043,0.123630839547807,0.1508110362285583,7,9,False,"{""ab_weighted_recall"": true, ""false_fast"": false, ""oversampling"": false, ""reaction"": true, ""reduction"": true, ""tier_a_recall"": true, ""tier_a_snapshot_recall"": true, ""tier_b_recall"": true, ""tier_b_snapshot_recall"": true}"
asym-log_excess-confluence-balanced-tau700-g0.95,205,45,756,1.0,1.0,0.6851851851851852,0.9951219512195122,0.8444444444444444,0.6031746031746031,0.2975609756097561,0.6222222222222222,1.0,0.0,250.0,0.0,0.0,1500.0,3887.499999999996,250,0,20,230,0,0.04293247027164624,0.05630292196924917,10373,35105,0.7045150263495228,0.2585579681161733,0.1997079034672575,8,9,False,"{""ab_weighted_recall"": true, ""false_fast"": true, ""oversampling"": true, ""reaction"": true, ""reduction"": true, ""tier_a_recall"": true, ""tier_a_snapshot_recall"": true, ""tier_b_recall"": true, ""tier_b_snapshot_recall"": false}"
asym-sqrt_excess-balanced-clean_release-tau2600-g0.95,205,45,756,1.0,1.0,0.8928571428571429,1.0,0.9777777777777777,0.8465608465608465,0.551219512195122,0.8666666666666667,1.0,0.0,0.0,0.0,0.0,4375.0,22662.499999999985,250,0,67,176,7,0.20314193243390669,0.21668720045008155,14860,35105,0.5766984760005698,0.14853446831963732,0.16365539947458937,7,9,False,"{""ab_weighted_recall"": true, ""false_fast"": false, ""oversampling"": false, ""reaction"": true, ""reduction"": true, ""tier_a_recall"": true, ""tier_a_snapshot_recall"": true, ""tier_b_recall"": true, ""tier_b_snapshot_recall"": true}"
asym-sqrt_excess-confluence-fidelity-tau700-g0.95,205,45,756,1.0,1.0,0.8902116402116402,1.0,0.8666666666666667,0.7777777777777778,0.4146341463414634,0.8888888888888888,1.0,0.0,0.0,0.0,0.0,2250.0,8137.499999999995,250,0,36,213,1,0.11104403796501691,0.12484065546685277,13468,35105,0.6163509471585245,0.17015771908450278,0.17474085182125232,7,9,False,"{""ab_weighted_recall"": true, ""false_fast"": true, ""oversampling"": false, ""reaction"": true, ""reduction"": true, ""tier_a_recall"": true, ""tier_a_snapshot_recall"": true, ""tier_b_recall"": true, ""tier_b_snapshot_recall"": false}"
asym-log_excess-confluence-balanced-tau1400-g0.95,205,45,756,1.0,1.0,0.7671957671957672,1.0,0.9333333333333333,0.7023809523809523,0.375609756097561,0.7111111111111111,1.0,0.0,0.0,0.0,0.0,2750.0,10024.99999999999,250,0,48,200,2,0.09688352303720135,0.11132396612993968,12043,35105,0.656943455348241,0.2036726858558606,0.18759570382504112,8,9,False,"{""ab_weighted_recall"": true, ""false_fast"": true, ""oversampling"": false, ""reaction"": true, ""reduction"": true, ""tier_a_recall"": true, ""tier_a_snapshot_recall"": true, ""tier_b_recall"": true, ""tier_b_snapshot_recall"": true}"
asym-log_excess-balanced-balanced-tau1000-g0.55,205,45,756,1.0,1.0,0.5198412698412699,0.9951219512195122,0.8222222222222222,0.42592592592592593,0.23414634146341465,0.6,1.0,0.0,250.0,0.0,0.0,1500.0,4000.0,250,0,20,230,0,0.04001600058183934,0.05330475220589806,9516,35105,0.7289275032046717,0.3399574710377886,0.20017836956361096,8,9,False,"{""ab_weighted_recall"": true, ""false_fast"": true, ""oversampling"": true, ""reaction"": true, ""reduction"": true, ""tier_a_recall"": true, ""tier_a_snapshot_recall"": true, ""tier_b_recall"": true, ""tier_b_snapshot_recall"": false}"
asym-log_excess-price_heavy-fidelity-tau1000-g0.55,205,45,756,1.0,1.0,0.5079365079365079,1.0,0.7555555555555555,0.45105820105820105,0.25365853658536586,0.7111111111111111,1.0,0.0,250.0,0.0,0.0,1750.0,4500.0,250,0,26,224,0,0.048598130841121495,0.0624915431672352,9388,35105,0.7325737074490813,0.3408155288778744,0.19793045529118564,8,9,False,"{""ab_weighted_recall"": true, ""false_fast"": true, ""oversampling"": true, ""reaction"": true, ""reduction"": true, ""tier_a_recall"": true, ""tier_a_snapshot_recall"": true, ""tier_b_recall"": true, ""tier_b_snapshot_recall"": false}"
asym-sqrt_excess-price_heavy-balanced-tau700-g0.75,205,45,756,1.0,1.0,0.7195767195767195,1.0,0.8888888888888888,0.6283068783068783,0.3951219512195122,0.6222222222222222,1.0,0.0,250.0,0.0,0.0,1500.0,4000.0,250,0,20,230,0,0.04525982763009564,0.058702882088606245,9964,35105,0.716165788349238,0.2770664756980707,0.19872540252153825,8,9,False,"{""ab_weighted_recall"": true, ""false_fast"": true, ""oversampling"": true, ""reaction"": true, ""reduction"": true, ""tier_a_recall"": true, ""tier_a_snapshot_recall"": true, ""tier_b_recall"": true, ""tier_b_snapshot_recall"": false}"
asym-sqrt_excess-balanced-fidelity-tau700-g0.75,205,45,756,1.0,1.0,0.8492063492063492,1.0,0.8222222222222222,0.7341269841269841,0.40487804878048783,0.7333333333333333,1.0,0.0,0.0,0.0,0.0,2000.0,5887.499999999995,250,0,31,219,0,0.06655514745990763,0.08060162798481688,11684,35105,0.6671699188149836,0.20858853564607416,0.18910909307920712,8,9,False,"{""ab_weighted_recall"": true, ""false_fast"": true, ""oversampling"": true, ""reaction"": true, ""reduction"": true, ""tier_a_recall"": true, ""tier_a_snapshot_recall"": true, ""tier_b_recall"": true, ""tier_b_snapshot_recall"": false}"
asym-log_excess-confluence-responsive-tau1400-g0.75,205,45,756,1.0,1.0,0.791005291005291,1.0,0.9111111111111111,0.7103174603174603,0.36097560975609755,0.7777777777777778,1.0,0.0,0.0,0.0,0.0,2875.0,10637.499999999996,250,0,49,199,2,0.10084003054656533,0.11530490887985244,12287,35105,0.6499928785073351,0.19957307659587056,0.18474833988544423,8,9,False,"{""ab_weighted_recall"": true, ""false_fast"": true, ""oversampling"": false, ""reaction"": true, ""reduction"": true, ""tier_a_recall"": true, ""tier_a_snapshot_recall"": true, ""tier_b_recall"": true, ""tier_b_snapshot_recall"": true}"
asym-sqrt_excess-balanced-clean_release-tau1400-g0.95,205,45,756,1.0,1.0,0.832010582010582,1.0,0.9333333333333333,0.7857142857142857,0.4682926829268293,0.8222222222222222,1.0,0.0,0.0,0.0,0.0,2625.0,10887.499999999996,250,0,51,197,2,0.1218517036983163,0.13587904770721912,12876,35105,0.633214641788919,0.17383266620939977,0.1797186485824584,8,9,False,"{""ab_weighted_recall"": true, ""false_fast"": true, ""oversampling"": false, ""reaction"": true, ""reduction"": true, ""tier_a_recall"": true, ""tier_a_snapshot_recall"": true, ""tier_b_recall"": true, ""tier_b_snapshot_recall"": true}"
asym-log_excess-balanced-clean_release-tau1400-g0.55,205,45,756,1.0,1.0,0.5198412698412699,0.9951219512195122,0.8444444444444444,0.4722222222222222,0.25365853658536586,0.5555555555555556,1.0,0.0,250.0,0.0,0.0,1750.0,5250.0,250,0,27,223,0,0.04512164078693771,0.05863878819817831,9832,35105,0.7199259364762854,0.330795080714996,0.19751820643651313,8,9,False,"{""ab_weighted_recall"": true, ""false_fast"": true, ""oversampling"": true, ""reaction"": true, ""reduction"": true, ""tier_a_recall"": true, ""tier_a_snapshot_recall"": true, ""tier_b_recall"": true, ""tier_b_snapshot_recall"": false}"
asym-sqrt_excess-price_heavy-clean_release-tau700-g0.55,205,45,756,1.0,1.0,0.4669312169312169,0.9853658536585366,0.8888888888888888,0.43386243386243384,0.3853658536585366,0.6,1.0,0.0,250.0,0.0,0.0,1500.0,3500.0,250,0,13,237,0,0.04107785737663188,0.05413085123808032,8460,35105,0.7590086882210512,0.3693658741288362,0.19872304130472573,8,9,False,"{""ab_weighted_recall"": true, ""false_fast"": true, ""oversampling"": true, ""reaction"": true, ""reduction"": true, ""tier_a_recall"": true, ""tier_a_snapshot_recall"": true, ""tier_b_recall"": true, ""tier_b_snapshot_recall"": false}"
asym-log_excess-confluence-balanced-tau1400-g0.75,205,45,756,1.0,1.0,0.7142857142857143,1.0,0.9111111111111111,0.6534391534391535,0.33658536585365856,0.6888888888888889,1.0,0.0,137.49999999998863,0.0,0.0,2500.0,7887.499999999995,250,0,43,207,0,0.07098439943270664,0.08549412828748246,11196,35105,0.6810710724967953,0.2405484812429303,0.19101768197069383,8,9,False,"{""ab_weighted_recall"": true, ""false_fast"": true, ""oversampling"": false, ""reaction"": true, ""reduction"": true, ""tier_a_recall"": true, ""tier_a_snapshot_recall"": true, ""tier_b_recall"": true, ""tier_b_snapshot_recall"": true}"
asym-sqrt_excess-balanced-clean_release-tau2600-g0.75,205,45,756,1.0,1.0,0.8478835978835979,1.0,0.9555555555555556,0.8253968253968254,0.526829268292683,0.8444444444444444,1.0,0.0,0.0,0.0,0.0,4250.0,19887.499999999996,250,0,64,180,6,0.1656351140041456,0.17964093178273596,13483,35105,0.6159236575986327,0.1703719451997544,0.1732695224216888,8,9,False,"{""ab_weighted_recall"": true, ""false_fast"": true, ""oversampling"": false, ""reaction"": true, ""reduction"": true, ""tier_a_recall"": true, ""tier_a_snapshot_recall"": true, ""tier_b_recall"": true, ""tier_b_snapshot_recall"": true}"
asym-sqrt_excess-price_heavy-balanced-tau1900-g0.55,205,45,756,1.0,1.0,0.7526455026455027,1.0,0.9333333333333333,0.7103174603174603,0.47317073170731705,0.7333333333333333,1.0,0.0,250.0,0.0,0.0,3000.0,10774.99999999999,250,0,50,200,0,0.09752354631077494,0.1120076342945043,11180,35105,0.6815268480273465,0.2389258702759536,0.18783596526110563,8,9,False,"{""ab_weighted_recall"": true, ""false_fast"": true, ""oversampling"": false, ""reaction"": true, ""reduction"": true, ""tier_a_recall"": true, ""tier_a_snapshot_recall"": true, ""tier_b_recall"": true, ""tier_b_snapshot_recall"": true}"
asym-sqrt_excess-balanced-responsive-tau2600-g0.55,205,45,756,1.0,1.0,0.9232804232804233,1.0,0.9333333333333333,0.8333333333333334,0.5609756097560976,0.8888888888888888,1.0,0.0,0.0,0.0,0.0,5750.0,27500.0,250,0,75,164,11,0.22598639950543656,0.2392197637071906,14974,35105,0.5734510753453924,0.1517570490880809,0.16144770117748697,7,9,False,"{""ab_weighted_recall"": true, ""false_fast"": false, ""oversampling"": false, ""reaction"": true, ""reduction"": true, ""tier_a_recall"": true, ""tier_a_snapshot_recall"": true, ""tier_b_recall"": true, ""tier_b_snapshot_recall"": true}"
asym-sqrt_excess-confluence-balanced-tau700-g1.2,205,45,756,1.0,1.0,0.8743386243386243,1.0,0.9111111111111111,0.783068783068783,0.4195121951219512,0.9111111111111111,1.0,0.0,0.0,0.0,0.0,2250.0,8937.499999999978,250,0,37,211,2,0.11924797265355104,0.13273844707625038,13857,35105,0.6052699045719983,0.1629822181531589,0.17279655107023145,8,9,False,"{""ab_weighted_recall"": true, ""false_fast"": true, ""oversampling"": false, ""reaction"": true, ""reduction"": true, ""tier_a_recall"": true, ""tier_a_snapshot_recall"": true, ""tier_b_recall"": true, ""tier_b_snapshot_recall"": true}"
asym-sqrt_excess-confluence-balanced-tau700-g0.55,205,45,756,1.0,1.0,0.7182539682539683,1.0,0.8888888888888888,0.6256613756613757,0.3951219512195122,0.6222222222222222,1.0,0.0,250.0,0.0,0.0,1500.0,4000.0,250,0,20,230,0,0.04512164078693771,0.058560451220988616,9897,35105,0.7180743483834211,0.28038253114513884,0.19968645937746882,8,9,False,"{""ab_weighted_recall"": true, ""false_fast"": true, ""oversampling"": true, ""reaction"": true, ""reduction"": true, ""tier_a_recall"": true, ""tier_a_snapshot_recall"": true, ""tier_b_recall"": true, ""tier_b_snapshot_recall"": false}"
asym-log_excess-confluence-balanced-tau700-g0.55,205,45,756,1.0,1.0,0.40476190476190477,0.9902439024390244,0.7333333333333333,0.3439153439153439,0.15121951219512195,0.5777777777777777,1.0,0.0,250.0,0.0,0.0,1000.0,2250.0,250,0,10,240,0,0.029201061856794792,0.04111979148120981,9034,35105,0.7426577410625267,0.37110491247735683,0.2007069340784282,8,9,False,"{""ab_weighted_recall"": true, ""false_fast"": true, ""oversampling"": true, ""reaction"": true, ""reduction"": true, ""tier_a_recall"": true, ""tier_a_snapshot_recall"": true, ""tier_b_recall"": true, ""tier_b_snapshot_recall"": false}"
asym-log_excess-confluence-responsive-tau1000-g0.55,205,45,756,1.0,1.0,0.667989417989418,0.9951219512195122,0.7555555555555555,0.5886243386243386,0.24878048780487805,0.6888888888888889,1.0,0.0,250.0,0.0,0.0,1750.0,4750.0,250,0,26,224,0,0.04789265064184152,0.061800753459289696,10372,35105,0.7045435123201823,0.27255948233801575,0.1993080077127769,8,9,False,"{""ab_weighted_recall"": true, ""false_fast"": true, ""oversampling"": true, ""reaction"": true, ""reduction"": true, ""tier_a_recall"": true, ""tier_a_snapshot_recall"": true, ""tier_b_recall"": true, ""tier_b_snapshot_recall"": false}"
asym-sqrt_excess-balanced-balanced-tau1400-g0.55,205,45,756,1.0,1.0,0.7738095238095238,1.0,0.9111111111111111,0.705026455026455,0.44878048780487806,0.7111111111111111,1.0,0.0,0.0,0.0,0.0,2750.0,8637.499999999996,250,0,44,206,0,0.0847158078475581,0.09923158546920288,11230,35105,0.680102549494374,0.22735713959776432,0.18968184236990376,8,9,False,"{""ab_weighted_recall"": true, ""false_fast"": true, ""oversampling"": false, ""reaction"": true, ""reduction"": true, ""tier_a_recall"": true, ""tier_a_snapshot_recall"": true, ""tier_b_recall"": true, ""tier_b_snapshot_recall"": true}"
asym-log_excess-price_heavy-responsive-tau1400-g0.95,205,45,756,1.0,1.0,0.791005291005291,1.0,0.9111111111111111,0.7142857142857143,0.4585365853658537,0.7777777777777778,1.0,0.0,0.0,0.0,0.0,3000.0,10637.499999999996,250,0,50,198,2,0.10233099385432197,0.11675770372955227,11964,35105,0.6591938470303376,0.20316377293676546,0.18650287829041431,8,9,False,"{""ab_weighted_recall"": true, ""false_fast"": true, ""oversampling"": false, ""reaction"": true, ""reduction"": true, ""tier_a_recall"": true, ""tier_a_snapshot_recall"": true, ""tier_b_recall"": true, ""tier_b_snapshot_recall"": true}"
asym-log_excess-price_heavy-fidelity-tau1000-g0.95,205,45,756,1.0,1.0,0.7182539682539683,1.0,0.8,0.6335978835978836,0.4195121951219512,0.7333333333333333,1.0,0.0,0.0,0.0,0.0,2250.0,5750.0,250,0,32,218,0,0.0618422488090476,0.07608656948133799,10845,35105,0.6910696481982623,0.24378212516197656,0.19245054936939626,8,9,False,"{""ab_weighted_recall"": true, ""false_fast"": true, ""oversampling"": true, ""reaction"": true, ""reduction"": true, ""tier_a_recall"": true, ""tier_a_snapshot_recall"": true, ""tier_b_recall"": true, ""tier_b_snapshot_recall"": false}"
asym-log_excess-balanced-responsive-tau700-g0.55,205,45,756,1.0,1.0,0.5529100529100529,0.9853658536585366,0.5777777777777777,0.4576719576719577,0.2146341463414634,0.6666666666666666,1.0,0.0,250.0,0.0,0.0,1250.0,3000.0,250,0,13,237,0,0.03715044183424852,0.050142786944786674,9342,35105,0.733884062099416,0.32839067880271505,0.20176550908427943,8,9,False,"{""ab_weighted_recall"": true, ""false_fast"": true, ""oversampling"": true, ""reaction"": true, ""reduction"": true, ""tier_a_recall"": true, ""tier_a_snapshot_recall"": true, ""tier_b_recall"": true, ""tier_b_snapshot_recall"": false}"
asym-sqrt_excess-balanced-clean_release-tau1000-g0.55,205,45,756,1.0,1.0,0.6851851851851852,1.0,0.8666666666666667,0.6203703703703703,0.40487804878048783,0.6222222222222222,1.0,0.0,250.0,0.0,0.0,1750.0,5387.499999999995,250,0,26,224,0,0.051943707043892506,0.065689116145251,9818,35105,0.7203247400655177,0.29097705859103323,0.19475969499012122,8,9,False,"{""ab_weighted_recall"": true, ""false_fast"": true, ""oversampling"": true, ""reaction"": true, ""reduction"": true, ""tier_a_recall"": true, ""tier_a_snapshot_recall"": true, ""tier_b_recall"": true, ""tier_b_snapshot_recall"": false}"
asym-sqrt_excess-confluence-clean_release-tau700-g0.55,205,45,756,1.0,1.0,0.6534391534391535,0.9853658536585366,0.8888888888888888,0.5952380952380952,0.3853658536585366,0.6,1.0,0.0,250.0,0.0,0.0,1500.0,3637.499999999996,250,0,18,232,0,0.042234263064111426,0.05534863515621105,9201,35105,0.7379005839623984,0.3172428001574012,0.19961845337126993,8,9,False,"{""ab_weighted_recall"": true, ""false_fast"": true, ""oversampling"": true, ""reaction"": true, ""reduction"": true, ""tier_a_recall"": true, ""tier_a_snapshot_recall"": true, ""tier_b_recall"": true, ""tier_b_snapshot_recall"": false}"
asym-sqrt_excess-confluence-responsive-tau1900-g0.55,205,45,756,1.0,1.0,0.8981481481481481,1.0,0.9111111111111111,0.8108465608465608,0.5024390243902439,0.8666666666666667,1.0,0.0,0.0,0.0,0.0,4500.0,21099.999999999967,250,0,66,178,6,0.17730826575511838,0.19114934588624047,13859,35105,0.6052129326306794,0.1654792721380611,0.16863392961661783,8,9,False,"{""ab_weighted_recall"": true, ""false_fast"": true, ""oversampling"": false, ""reaction"": true, ""reduction"": true, ""tier_a_recall"": true, ""tier_a_snapshot_recall"": true, ""tier_b_recall"": true, ""tier_b_snapshot_recall"": true}"
asym-log_excess-confluence-fidelity-tau1400-g0.95,205,45,756,1.0,1.0,0.8187830687830688,1.0,0.8666666666666667,0.7486772486772487,0.4097560975609756,0.8222222222222222,1.0,0.0,0.0,0.0,0.0,3000.0,14637.499999999996,250,0,57,190,3,0.12849194516164225,0.1427727016999124,13062,35105,0.6279162512462613,0.17619017398537656,0.17602094033133084,7,9,False,"{""ab_weighted_recall"": true, ""false_fast"": true, ""oversampling"": false, ""reaction"": true, ""reduction"": true, ""tier_a_recall"": true, ""tier_a_snapshot_recall"": true, ""tier_b_recall"": true, ""tier_b_snapshot_recall"": false}"
asym-sqrt_excess-price_heavy-fidelity-tau1000-g0.95,205,45,756,1.0,1.0,0.8783068783068783,1.0,0.8666666666666667,0.7883597883597884,0.43414634146341463,0.8222222222222222,1.0,0.0,0.0,0.0,0.0,2500.0,9750.0,250,0,45,204,1,0.10924760900396378,0.12346619759434264,12723,35105,0.6375729952998148,0.18011077150166063,0.1793058052991984,7,9,False,"{""ab_weighted_recall"": true, ""false_fast"": true, ""oversampling"": false, ""reaction"": true, ""reduction"": true, ""tier_a_recall"": true, ""tier_a_snapshot_recall"": true, ""tier_b_recall"": true, ""tier_b_snapshot_recall"": false}"
asym-sqrt_excess-price_heavy-responsive-tau1000-g0.55,205,45,756,1.0,1.0,0.7632275132275133,1.0,0.8444444444444444,0.6640211640211641,0.424390243902439,0.7111111111111111,1.0,0.0,0.0,0.0,0.0,2250.0,6000.0,250,0,32,218,0,0.06431506600240008,0.07859335275140829,10679,35105,0.6957983193277311,0.2478353064504584,0.19313703324787684,8,9,False,"{""ab_weighted_recall"": true, ""false_fast"": true, ""oversampling"": true, ""reaction"": true, ""reduction"": true, ""tier_a_recall"": true, ""tier_a_snapshot_recall"": true, ""tier_b_recall"": true, ""tier_b_snapshot_recall"": false}"
asym-sqrt_excess-price_heavy-clean_release-tau1900-g0.95,205,45,756,1.0,1.0,0.8082010582010583,1.0,0.8888888888888888,0.7896825396825397,0.4926829268292683,0.8222222222222222,1.0,0.0,0.0,0.0,0.0,3000.0,13549.999999999984,250,0,54,194,2,0.12456452961925889,0.13882736666690404,12475,35105,0.6446375160233585,0.18629361537988479,0.18252352968681704,7,9,False,"{""ab_weighted_recall"": true, ""false_fast"": true, ""oversampling"": false, ""reaction"": true, ""reduction"": true, ""tier_a_recall"": true, ""tier_a_snapshot_recall"": true, ""tier_b_recall"": true, ""tier_b_snapshot_recall"": false}"
asym-log_excess-balanced-balanced-tau1000-g1.2,205,45,756,1.0,1.0,0.7685185185185185,1.0,0.9111111111111111,0.6984126984126984,0.4292682926829268,0.7111111111111111,1.0,0.0,0.0,0.0,0.0,2250.0,7637.499999999995,250,0,41,208,1,0.08186479508345758,0.09619068644556648,11708,35105,0.6664862555191569,0.20175850232765216,0.18785967871304113,8,9,False,"{""ab_weighted_recall"": true, ""false_fast"": true, ""oversampling"": false, ""reaction"": true, ""reduction"": true, ""tier_a_recall"": true, ""tier_a_snapshot_recall"": true, ""tier_b_recall"": true, ""tier_b_snapshot_recall"": true}"
asym-sqrt_excess-balanced-balanced-tau700-g0.95,205,45,756,1.0,1.0,0.83994708994709,1.0,0.9111111111111111,0.7645502645502645,0.4,0.6666666666666666,1.0,0.0,0.0,0.0,0.0,2000.0,6250.0,250,0,30,220,0,0.07160260373104477,0.08540154822353101,11928,35105,0.6602193419740778,0.19783135523688838,0.18687640664572916,8,9,False,"{""ab_weighted_recall"": true, ""false_fast"": true, ""oversampling"": false, ""reaction"": true, ""reduction"": true, ""tier_a_recall"": true, ""tier_a_snapshot_recall"": true, ""tier_b_recall"": true, ""tier_b_snapshot_recall"": true}"
asym-log_excess-balanced-balanced-tau700-g0.95,205,45,756,1.0,1.0,0.6772486772486772,0.9951219512195122,0.8666666666666667,0.6005291005291006,0.3121951219512195,0.6222222222222222,1.0,0.0,250.0,0.0,0.0,1500.0,3887.499999999996,250,0,20,230,0,0.04306338412305902,0.05643823129348592,10209,35105,0.7091867255376727,0.269170549266643,0.199683826926605,8,9,False,"{""ab_weighted_recall"": true, ""false_fast"": true, ""oversampling"": true, ""reaction"": true, ""reduction"": true, ""tier_a_recall"": true, ""tier_a_snapshot_recall"": true, ""tier_b_recall"": true, ""tier_b_snapshot_recall"": false}"
asym-sqrt_excess-price_heavy-fidelity-tau1900-g0.95,205,45,756,1.0,1.0,0.9285714285714286,1.0,0.9333333333333333,0.8293650793650794,0.5170731707317073,0.9111111111111111,1.0,0.0,0.0,0.0,0.0,4625.0,24274.999999999993,250,0,66,175,9,0.2109022146259864,0.22435710267129091,14938,35105,0.5744765702891326,0.14704500680752236,0.160390349388446,7,9,False,"{""ab_weighted_recall"": true, ""false_fast"": false, ""oversampling"": false, ""reaction"": true, ""reduction"": true, ""tier_a_recall"": true, ""tier_a_snapshot_recall"": true, ""tier_b_recall"": true, ""tier_b_snapshot_recall"": true}"
asym-log_excess-balanced-responsive-tau2600-g0.75,205,45,756,1.0,1.0,0.8690476190476191,1.0,0.9111111111111111,0.798941798941799,0.48292682926829267,0.8888888888888888,1.0,0.0,0.0,0.0,0.0,5500.0,27387.499999999996,250,0,73,167,10,0.19847267173351757,0.2120866834260321,14530,35105,0.5860988463181883,0.16340492481637037,0.16350317524031496,8,9,False,"{""ab_weighted_recall"": true, ""false_fast"": true, ""oversampling"": false, ""reaction"": true, ""reduction"": true, ""tier_a_recall"": true, ""tier_a_snapshot_recall"": true, ""tier_b_recall"": true, ""tier_b_snapshot_recall"": true}"
asym-log_excess-confluence-clean_release-tau1400-g0.75,205,45,756,1.0,1.0,0.656084656084656,1.0,0.8888888888888888,0.5992063492063492,0.3024390243902439,0.6444444444444445,1.0,0.0,250.0,0.0,0.0,2250.0,6250.0,250,0,38,212,0,0.05799483617586094,0.07214835599171052,10579,35105,0.6986469163936762,0.2695744274036925,0.1951379125746851,7,9,False,"{""ab_weighted_recall"": true, ""false_fast"": true, ""oversampling"": false, ""reaction"": true, ""reduction"": true, ""tier_a_recall"": true, ""tier_a_snapshot_recall"": true, ""tier_b_recall"": true, ""tier_b_snapshot_recall"": false}"
asym-log_excess-confluence-clean_release-tau1400-g0.95,205,45,756,1.0,1.0,0.7129629629629629,1.0,0.9111111111111111,0.6613756613756614,0.3463414634146341,0.7111111111111111,1.0,0.0,0.0,0.0,0.0,2250.0,7887.499999999995,250,0,41,209,0,0.07371904432888468,0.08807212699136156,11274,35105,0.6788491667853582,0.23055873274329738,0.1925886873148568,8,9,False,"{""ab_weighted_recall"": true, ""false_fast"": true, ""oversampling"": false, ""reaction"": true, ""reduction"": true, ""tier_a_recall"": true, ""tier_a_snapshot_recall"": true, ""tier_b_recall"": true, ""tier_b_snapshot_recall"": true}"
asym-sqrt_excess-price_heavy-clean_release-tau1000-g0.55,205,45,756,1.0,1.0,0.5859788359788359,1.0,0.8666666666666667,0.5515873015873016,0.40487804878048783,0.6222222222222222,1.0,0.0,250.0,0.0,0.0,1750.0,4500.0,250,0,24,226,0,0.049841812429542894,0.06351704541408214,9213,35105,0.7375587523144851,0.3266711575507328,0.1972599245129299,8,9,False,"{""ab_weighted_recall"": true, ""false_fast"": true, ""oversampling"": true, ""reaction"": true, ""reduction"": true, ""tier_a_recall"": true, ""tier_a_snapshot_recall"": true, ""tier_b_recall"": true, ""tier_b_snapshot_recall"": false}"
asym-sqrt_excess-balanced-balanced-tau1400-g0.75,205,45,756,1.0,1.0,0.83994708994709,1.0,0.8888888888888888,0.7936507936507936,0.4634146341463415,0.8222222222222222,1.0,0.0,0.0,0.0,0.0,2750.0,10887.499999999996,250,0,50,198,2,0.1211025855485654,0.13538766121393828,12575,35105,0.6417889189574135,0.1805950517031784,0.18108220296880975,7,9,False,"{""ab_weighted_recall"": true, ""false_fast"": true, ""oversampling"": false, ""reaction"": true, ""reduction"": true, ""tier_a_recall"": true, ""tier_a_snapshot_recall"": true, ""tier_b_recall"": true, ""tier_b_snapshot_recall"": false}"
asym-log_excess-price_heavy-fidelity-tau2600-g0.55,205,45,756,1.0,1.0,0.7380952380952381,1.0,0.8888888888888888,0.6640211640211641,0.40487804878048783,0.7777777777777778,1.0,0.0,0.0,0.0,0.0,4500.0,14274.99999999999,250,0,65,182,3,0.115618749772719,0.13003938213489627,12015,35105,0.6577410625267056,0.23973027133230645,0.17893839700294029,7,9,False,"{""ab_weighted_recall"": true, ""false_fast"": true, ""oversampling"": false, ""reaction"": true, ""reduction"": true, ""tier_a_recall"": true, ""tier_a_snapshot_recall"": true, ""tier_b_recall"": true, ""tier_b_snapshot_recall"": false}"
asym-sqrt_excess-confluence-fidelity-tau2600-g0.55,205,45,756,1.0,1.0,0.91005291005291,1.0,0.9333333333333333,0.8346560846560847,0.5609756097560976,0.8888888888888888,1.0,0.0,0.0,0.0,0.0,5500.0,27387.499999999996,250,0,74,166,10,0.2167206080221099,0.23008994509290054,14767,35105,0.5793476712718986,0.1535330541292155,0.1628371744475193,7,9,False,"{""ab_weighted_recall"": true, ""false_fast"": false, ""oversampling"": false, ""reaction"": true, ""reduction"": true, ""tier_a_recall"": true, ""tier_a_snapshot_recall"": true, ""tier_b_recall"": true, ""tier_b_snapshot_recall"": true}"
asym-log_excess-confluence-fidelity-tau1000-g1.2,205,45,756,1.0,1.0,0.8293650793650794,1.0,0.8444444444444444,0.7407407407407407,0.43902439024390244,0.8222222222222222,1.0,0.0,0.0,0.0,0.0,2500.0,10387.499999999996,250,0,48,200,2,0.12038255936579512,0.1344974682913281,13115,35105,0.6264064948013104,0.17126500351294718,0.17544815689855736,7,9,False,"{""ab_weighted_recall"": true, ""false_fast"": true, ""oversampling"": false, ""reaction"": true, ""reduction"": true, ""tier_a_recall"": true, ""tier_a_snapshot_recall"": true, ""tier_b_recall"": true, ""tier_b_snapshot_recall"": false}"
asym-sqrt_excess-price_heavy-balanced-tau2600-g0.75,205,45,756,1.0,1.0,0.8558201058201058,1.0,0.9333333333333333,0.8174603174603174,0.526829268292683,0.8444444444444444,1.0,0.0,0.0,0.0,0.0,4750.0,22937.499999999978,250,0,65,178,7,0.17564275064547802,0.1895612417123039,13632,35105,0.6116792479703745,0.17415395357027066,0.1716637905519041,8,9,False,"{""ab_weighted_recall"": true, ""false_fast"": true, ""oversampling"": false, ""reaction"": true, ""reduction"": true, ""tier_a_recall"": true, ""tier_a_snapshot_recall"": true, ""tier_b_recall"": true, ""tier_b_snapshot_recall"": true}"
asym-log_excess-confluence-clean_release-tau1900-g1.2,205,45,756,1.0,1.0,0.7923280423280423,1.0,0.8888888888888888,0.7671957671957672,0.48292682926829267,0.8444444444444444,1.0,0.0,0.0,0.0,0.0,3000.0,14637.499999999996,250,0,55,193,2,0.13522673551765518,0.1494028585875131,13051,35105,0.6282295969235152,0.172747303473847,0.1775488609222244,7,9,False,"{""ab_weighted_recall"": true, ""false_fast"": true, ""oversampling"": false, ""reaction"": true, ""reduction"": true, ""tier_a_recall"": true, ""tier_a_snapshot_recall"": true, ""tier_b_recall"": true, ""tier_b_snapshot_recall"": false}"
asym-sqrt_excess-confluence-clean_release-tau700-g1.2,205,45,756,1.0,1.0,0.8558201058201058,0.9853658536585366,0.9111111111111111,0.7671957671957672,0.40487804878048783,0.7555555555555555,1.0,0.0,0.0,0.0,0.0,2000.0,6500.0,250,0,32,218,0,0.08709407614822358,0.10061316488509389,12471,35105,0.6447514599059962,0.18270272614746738,0.1832039967321992,8,9,False,"{""ab_weighted_recall"": true, ""false_fast"": true, ""oversampling"": false, ""reaction"": true, ""reduction"": true, ""tier_a_recall"": true, ""tier_a_snapshot_recall"": true, ""tier_b_recall"": true, ""tier_b_snapshot_recall"": true}"
asym-log_excess-balanced-responsive-tau700-g0.95,205,45,756,1.0,1.0,0.753968253968254,1.0,0.8444444444444444,0.6402116402116402,0.37073170731707317,0.6888888888888889,1.0,0.0,0.0,0.0,0.0,1750.0,5137.499999999995,250,0,27,223,0,0.05059820357103895,0.06462800618149965,11006,35105,0.6864834069220909,0.23333458410489552,0.19290565325000072,8,9,False,"{""ab_weighted_recall"": true, ""false_fast"": true, ""oversampling"": true, ""reaction"": true, ""reduction"": true, ""tier_a_recall"": true, ""tier_a_snapshot_recall"": true, ""tier_b_recall"": true, ""tier_b_snapshot_recall"": false}"
asym-sqrt_excess-balanced-responsive-tau2600-g0.95,205,45,756,1.0,1.0,0.966931216931217,1.0,1.0,0.9074074074074074,0.6439024390243903,0.9555555555555556,1.0,0.0,0.0,0.0,0.0,6500.0,30000.0,250,0,83,144,23,0.3445434379431979,0.356091412130837,18482,35105,0.47352229027204107,0.12143898701270062,0.1380110760525758,7,9,False,"{""ab_weighted_recall"": true, ""false_fast"": false, ""oversampling"": false, ""reaction"": true, ""reduction"": true, ""tier_a_recall"": true, ""tier_a_snapshot_recall"": true, ""tier_b_recall"": true, ""tier_b_snapshot_recall"": true}"
asym-log_excess-balanced-clean_release-tau700-g0.75,205,45,756,1.0,1.0,0.46825396825396826,0.9902439024390244,0.7111111111111111,0.4060846560846561,0.22439024390243903,0.6,1.0,0.0,250.0,0.0,0.0,1250.0,2774.9999999999914,250,0,13,237,0,0.03451034583075748,0.04715173872481644,9014,35105,0.7432274604757156,0.35630621874256363,0.20138867096267538,8,9,False,"{""ab_weighted_recall"": true, ""false_fast"": true, ""oversampling"": true, ""reaction"": true, ""reduction"": true, ""tier_a_recall"": true, ""tier_a_snapshot_recall"": true, ""tier_b_recall"": true, ""tier_b_snapshot_recall"": false}"
asym-log_excess-confluence-responsive-tau700-g0.55,205,45,756,1.0,1.0,0.5793650793650794,0.9853658536585366,0.6,0.4828042328042328,0.2,0.6666666666666666,1.0,0.0,250.0,0.0,0.0,1250.0,3000.0,250,0,13,237,0,0.03636495872577185,0.04926683710893825,9501,35105,0.7293547927645634,0.31737822981532743,0.201499297949057,8,9,False,"{""ab_weighted_recall"": true, ""false_fast"": true, ""oversampling"": true, ""reaction"": true, ""reduction"": true, ""tier_a_recall"": true, ""tier_a_snapshot_recall"": true, ""tier_b_recall"": true, ""tier_b_snapshot_recall"": false}"
asym-sqrt_excess-confluence-responsive-tau2600-g1.2,205,45,756,1.0,1.0,0.966931216931217,1.0,1.0,0.9232804232804233,0.7170731707317073,0.9555555555555556,1.0,0.0,0.0,0.0,0.0,7000.0,30000.0,250,0,87,130,33,0.40650932761191316,0.4171728897086577,20455,35105,0.4173194701609457,0.10952007679672836,0.12618302314692237,7,9,False,"{""ab_weighted_recall"": true, ""false_fast"": false, ""oversampling"": false, ""reaction"": true, ""reduction"": true, ""tier_a_recall"": true, ""tier_a_snapshot_recall"": true, ""tier_b_recall"": true, ""tier_b_snapshot_recall"": true}"
asym-sqrt_excess-balanced-responsive-tau700-g0.75,205,45,756,1.0,1.0,0.8743386243386243,1.0,0.8666666666666667,0.7579365079365079,0.40487804878048783,0.7333333333333333,1.0,0.0,0.0,0.0,0.0,2000.0,6000.0,250,0,33,217,0,0.07458453034655806,0.08875579515592619,11982,35105,0.6586810995584674,0.1997508074219376,0.18717009769948395,8,9,False,"{""ab_weighted_recall"": true, ""false_fast"": true, ""oversampling"": true, ""reaction"": true, ""reduction"": true, ""tier_a_recall"": true, ""tier_a_snapshot_recall"": true, ""tier_b_recall"": true, ""tier_b_snapshot_recall"": false}"
asym-sqrt_excess-balanced-fidelity-tau1900-g1.2,205,45,756,1.0,1.0,0.9576719576719577,1.0,1.0,0.8902116402116402,0.6439024390243903,0.9555555555555556,1.0,0.0,0.0,0.0,0.0,5250.0,30000.0,250,0,75,160,15,0.30785119458889415,0.3198641209522928,18186,35105,0.48195413758723826,0.11953312194984965,0.14405466244884865,7,9,False,"{""ab_weighted_recall"": true, ""false_fast"": false, ""oversampling"": false, ""reaction"": true, ""reduction"": true, ""tier_a_recall"": true, ""tier_a_snapshot_recall"": true, ""tier_b_recall"": true, ""tier_b_snapshot_recall"": true}"
asym-log_excess-price_heavy-balanced-tau1400-g0.75,205,45,756,1.0,1.0,0.6494708994708994,1.0,0.8888888888888888,0.5674603174603174,0.36097560975609755,0.6444444444444445,1.0,0.0,250.0,0.0,0.0,2250.0,6000.0,250,0,35,215,0,0.06589330521109858,0.08013160612167869,10384,35105,0.7042016806722688,0.2840865654223236,0.19366024625541034,8,9,False,"{""ab_weighted_recall"": true, ""false_fast"": true, ""oversampling"": true, ""reaction"": true, ""reduction"": true, ""tier_a_recall"": true, ""tier_a_snapshot_recall"": true, ""tier_b_recall"": true, ""tier_b_snapshot_recall"": false}"
asym-sqrt_excess-price_heavy-fidelity-tau700-g1.2,205,45,756,1.0,1.0,0.8862433862433863,1.0,0.8666666666666667,0.7777777777777778,0.40487804878048783,0.8444444444444444,1.0,0.0,0.0,0.0,0.0,2250.0,7024.999999999992,250,0,36,213,1,0.10017091530601113,0.11404439570143642,13055,35105,0.6281156530408774,0.1774445701635324,0.17739465838506274,7,9,False,"{""ab_weighted_recall"": true, ""false_fast"": true, ""oversampling"": false, ""reaction"": true, ""reduction"": true, ""tier_a_recall"": true, ""tier_a_snapshot_recall"": true, ""tier_b_recall"": true, ""tier_b_snapshot_recall"": false}"
asym-log_excess-balanced-fidelity-tau1900-g0.55,205,45,756,1.0,1.0,0.7394179894179894,1.0,0.8888888888888888,0.6441798941798942,0.34146341463414637,0.7777777777777778,1.0,0.0,149.99999999997726,0.0,0.0,3000.0,11162.499999999987,250,0,51,198,1,0.08886868613404124,0.10341905297716121,11593,35105,0.6697621421449935,0.2357761151690495,0.18663900355691082,7,9,False,"{""ab_weighted_recall"": true, ""false_fast"": true, ""oversampling"": false, ""reaction"": true, ""reduction"": true, ""tier_a_recall"": true, ""tier_a_snapshot_recall"": true, ""tier_b_recall"": true, ""tier_b_snapshot_recall"": false}"
asym-log_excess-price_heavy-balanced-tau2600-g0.95,205,45,756,1.0,1.0,0.7896825396825397,1.0,0.9333333333333333,0.7447089947089947,0.5219512195121951,0.8222222222222222,1.0,0.0,0.0,0.0,0.0,4500.0,19187.499999999978,250,0,65,180,5,0.1492490636023128,0.1633325974405173,12861,35105,0.6336419313488106,0.1938258063832905,0.1778465528317063,8,9,False,"{""ab_weighted_recall"": true, ""false_fast"": true, ""oversampling"": false, ""reaction"": true, ""reduction"": true, ""tier_a_recall"": true, ""tier_a_snapshot_recall"": true, ""tier_b_recall"": true, ""tier_b_snapshot_recall"": true}"
asym-sqrt_excess-confluence-fidelity-tau1000-g0.75,205,45,756,1.0,1.0,0.8915343915343915,1.0,0.9111111111111111,0.791005291005291,0.43414634146341463,0.8444444444444444,1.0,0.0,0.0,0.0,0.0,2500.0,10137.499999999996,250,0,46,202,2,0.11843339757809375,0.13252480077482393,13017,35105,0.6291981199259364,0.1735516588208376,0.1767290718675217,8,9,False,"{""ab_weighted_recall"": true, ""false_fast"": true, ""oversampling"": false, ""reaction"": true, ""reduction"": true, ""tier_a_recall"": true, ""tier_a_snapshot_recall"": true, ""tier_b_recall"": true, ""tier_b_snapshot_recall"": true}"
asym-log_excess-balanced-responsive-tau1000-g0.95,205,45,756,1.0,1.0,0.7976190476190477,1.0,0.8666666666666667,0.6970899470899471,0.40487804878048783,0.7555555555555555,1.0,0.0,0.0,0.0,0.0,2500.0,7887.499999999995,250,0,43,207,0,0.08414851449143605,0.09866898354211324,11956,35105,0.6594217347956132,0.2012750082605899,0.18492276990682283,7,9,False,"{""ab_weighted_recall"": true, ""false_fast"": true, ""oversampling"": false, ""reaction"": true, ""reduction"": true, ""tier_a_recall"": true, ""tier_a_snapshot_recall"": true, ""tier_b_recall"": true, ""tier_b_snapshot_recall"": false}"
asym-log_excess-price_heavy-balanced-tau700-g0.75,205,45,756,1.0,1.0,0.4246031746031746,0.9951219512195122,0.8222222222222222,0.3915343915343915,0.2731707317073171,0.6,1.0,0.0,250.0,0.0,0.0,1250.0,3250.0,250,0,13,237,0,0.039841448779955636,0.05299140429713928,8916,35105,0.7460190856003419,0.36358353004304955,0.19731071564917432,8,9,False,"{""ab_weighted_recall"": true, ""false_fast"": true, ""oversampling"": true, ""reaction"": true, ""reduction"": true, ""tier_a_recall"": true, ""tier_a_snapshot_recall"": true, ""tier_b_recall"": true, ""tier_b_snapshot_recall"": false}"
asym-sqrt_excess-price_heavy-responsive-tau700-g1.2,205,45,756,1.0,1.0,0.8981481481481481,1.0,0.8444444444444444,0.7724867724867724,0.4097560975609756,0.9111111111111111,1.0,0.0,0.0,0.0,0.0,2250.0,8137.499999999995,250,0,40,209,1,0.11175679115604203,0.12568811912917768,13465,35105,0.6164364050705028,0.17029492206342364,0.17387054629018403,7,9,False,"{""ab_weighted_recall"": true, ""false_fast"": true, ""oversampling"": false, ""reaction"": true, ""reduction"": true, ""tier_a_recall"": true, ""tier_a_snapshot_recall"": true, ""tier_b_recall"": true, ""tier_b_snapshot_recall"": false}"
asym-sqrt_excess-price_heavy-fidelity-tau700-g0.95,205,45,756,1.0,1.0,0.8452380952380952,1.0,0.8222222222222222,0.7288359788359788,0.40487804878048783,0.7333333333333333,1.0,0.0,0.0,0.0,0.0,2000.0,5887.499999999995,250,0,30,220,0,0.06519509800356377,0.07921292702554497,11635,35105,0.6685657313772967,0.20921081357164378,0.18908018398903909,8,9,False,"{""ab_weighted_recall"": true, ""false_fast"": true, ""oversampling"": true, ""reaction"": true, ""reduction"": true, ""tier_a_recall"": true, ""tier_a_snapshot_recall"": true, ""tier_b_recall"": true, ""tier_b_snapshot_recall"": false}"
asym-sqrt_excess-confluence-responsive-tau700-g0.95,205,45,756,1.0,1.0,0.8994708994708994,1.0,0.8888888888888888,0.7804232804232805,0.424390243902439,0.9333333333333333,1.0,0.0,0.0,0.0,0.0,2250.0,9637.499999999996,250,0,40,208,2,0.12327721008036656,0.13708971008196896,13841,35105,0.6057256801025495,0.16363589995922032,0.17150937560273516,7,9,False,"{""ab_weighted_recall"": true, ""false_fast"": true, ""oversampling"": false, ""reaction"": true, ""reduction"": true, ""tier_a_recall"": true, ""tier_a_snapshot_recall"": true, ""tier_b_recall"": true, ""tier_b_snapshot_recall"": false}"
asym-log_excess-confluence-balanced-tau1400-g0.55,205,45,756,1.0,1.0,0.6243386243386243,1.0,0.8666666666666667,0.5462962962962963,0.2634146341463415,0.6222222222222222,1.0,0.0,250.0,0.0,0.0,2000.0,5750.0,250,0,33,217,0,0.05230735663115022,0.06623747498557887,10358,35105,0.7049423159094146,0.2951069758678077,0.19729844888704925,8,9,False,"{""ab_weighted_recall"": true, ""false_fast"": true, ""oversampling"": true, ""reaction"": true, ""reduction"": true, ""tier_a_recall"": true, ""tier_a_snapshot_recall"": true, ""tier_b_recall"": true, ""tier_b_snapshot_recall"": false}"
asym-log_excess-price_heavy-responsive-tau1000-g1.2,205,45,756,1.0,1.0,0.8002645502645502,1.0,0.8666666666666667,0.701058201058201,0.424390243902439,0.7555555555555555,1.0,0.0,0.0,0.0,0.0,2500.0,8000.0,250,0,43,207,0,0.08659223971780793,0.1010760652048512,11915,35105,0.6605896595926506,0.20003156073601955,0.18529002028046473,7,9,False,"{""ab_weighted_recall"": true, ""false_fast"": true, ""oversampling"": false, ""reaction"": true, ""reduction"": true, ""tier_a_recall"": true, ""tier_a_snapshot_recall"": true, ""tier_b_recall"": true, ""tier_b_snapshot_recall"": false}"
asym-log_excess-confluence-fidelity-tau2600-g0.95,205,45,756,1.0,1.0,0.8968253968253969,1.0,0.9333333333333333,0.8214285714285714,0.5317073170731708,0.8888888888888888,1.0,0.0,0.0,0.0,0.0,5500.0,27912.499999999985,250,0,79,159,12,0.23571038946870795,0.24880536109785711,15506,35105,0.5582965389545649,0.14490191587846105,0.1577635597223822,7,9,False,"{""ab_weighted_recall"": true, ""false_fast"": false, ""oversampling"": false, ""reaction"": true, ""reduction"": true, ""tier_a_recall"": true, ""tier_a_snapshot_recall"": true, ""tier_b_recall"": true, ""tier_b_snapshot_recall"": true}"
asym-log_excess-balanced-responsive-tau1000-g0.55,205,45,756,1.0,1.0,0.6574074074074074,0.9951219512195122,0.7777777777777778,0.5740740740740741,0.24878048780487805,0.6888888888888889,1.0,0.0,250.0,0.0,0.0,1750.0,4750.0,250,0,27,223,0,0.04861994981635696,0.06254851551428225,10244,35105,0.708189716564592,0.28086579847456233,0.19787731151227622,8,9,False,"{""ab_weighted_recall"": true, ""false_fast"": true, ""oversampling"": true, ""reaction"": true, ""reduction"": true, ""tier_a_recall"": true, ""tier_a_snapshot_recall"": true, ""tier_b_recall"": true, ""tier_b_snapshot_recall"": false}"
asym-sqrt_excess-balanced-balanced-tau700-g0.75,205,45,756,1.0,1.0,0.7711640211640212,1.0,0.9111111111111111,0.6785714285714286,0.4,0.6444444444444445,1.0,0.0,0.0,0.0,0.0,1750.0,5250.0,250,0,23,227,0,0.05115822393541583,0.06483453093954522,10826,35105,0.691610881640792,0.2359164303921475,0.19442793838776595,9,9,True,"{""ab_weighted_recall"": true, ""false_fast"": true, ""oversampling"": true, ""reaction"": true, ""reduction"": true, ""tier_a_recall"": true, ""tier_a_snapshot_recall"": true, ""tier_b_recall"": true, ""tier_b_snapshot_recall"": true}"
asym-sqrt_excess-balanced-balanced-tau1000-g1.2,205,45,756,1.0,1.0,0.8981481481481481,1.0,0.9555555555555556,0.8108465608465608,0.4634146341463415,0.9333333333333333,1.0,0.0,0.0,0.0,0.0,2500.0,11274.99999999999,250,0,51,197,2,0.15718389759627624,0.17081733953382378,14630,35105,0.5832502492522433,0.15081091927214652,0.16671079183347035,8,9,False,"{""ab_weighted_recall"": true, ""false_fast"": true, ""oversampling"": false, ""reaction"": true, ""reduction"": true, ""tier_a_recall"": true, ""tier_a_snapshot_recall"": true, ""tier_b_recall"": true, ""tier_b_snapshot_recall"": true}"
asym-sqrt_excess-price_heavy-responsive-tau1900-g0.55,205,45,756,1.0,1.0,0.843915343915344,1.0,0.9111111111111111,0.7605820105820106,0.4878048780487805,0.8,1.0,0.0,0.0,0.0,0.0,4250.0,15712.49999999997,250,0,62,184,4,0.13292847012618642,0.14717381550929717,12541,35105,0.6427574419598348,0.19930469987025498,0.18109760643524855,8,9,False,"{""ab_weighted_recall"": true, ""false_fast"": true, ""oversampling"": false, ""reaction"": true, ""reduction"": true, ""tier_a_recall"": true, ""tier_a_snapshot_recall"": true, ""tier_b_recall"": true, ""tier_b_snapshot_recall"": true}"
asym-log_excess-confluence-fidelity-tau700-g0.75,205,45,756,1.0,1.0,0.6891534391534392,0.9902439024390244,0.7333333333333333,0.5978835978835979,0.24878048780487805,0.7111111111111111,1.0,0.0,250.0,0.0,0.0,1500.0,3637.499999999996,250,0,19,231,0,0.04190697843557947,0.055291662809164005,10421,35105,0.7031476997578692,0.26310968354907965,0.20162856292891773,8,9,False,"{""ab_weighted_recall"": true, ""false_fast"": true, ""oversampling"": true, ""reaction"": true, ""reduction"": true, ""tier_a_recall"": true, ""tier_a_snapshot_recall"": true, ""tier_b_recall"": true, ""tier_b_snapshot_recall"": false}"
asym-log_excess-price_heavy-responsive-tau1000-g0.95,205,45,756,1.0,1.0,0.7420634920634921,1.0,0.8666666666666667,0.6481481481481481,0.4195121951219512,0.7111111111111111,1.0,0.0,0.0,0.0,0.0,2250.0,6000.0,250,0,35,215,0,0.06600967307902106,0.08034525242310514,11069,35105,0.6846887907705455,0.2340415077244885,0.19205825950241115,8,9,False,"{""ab_weighted_recall"": true, ""false_fast"": true, ""oversampling"": true, ""reaction"": true, ""reduction"": true, ""tier_a_recall"": true, ""tier_a_snapshot_recall"": true, ""tier_b_recall"": true, ""tier_b_snapshot_recall"": false}"
asym-sqrt_excess-price_heavy-balanced-tau1400-g0.55,205,45,756,1.0,1.0,0.7195767195767195,1.0,0.8888888888888888,0.6640211640211641,0.44878048780487806,0.6666666666666666,1.0,0.0,250.0,0.0,0.0,2500.0,6887.499999999995,250,0,40,210,0,0.07091894250700026,0.0853232112463413,10434,35105,0.7027773821392964,0.2659229909178752,0.19185020620519608,7,9,False,"{""ab_weighted_recall"": true, ""false_fast"": true, ""oversampling"": false, ""reaction"": true, ""reduction"": true, ""tier_a_recall"": true, ""tier_a_snapshot_recall"": true, ""tier_b_recall"": true, ""tier_b_snapshot_recall"": false}"
asym-log_excess-confluence-fidelity-tau1000-g0.75,205,45,756,1.0,1.0,0.7261904761904762,1.0,0.8,0.6455026455026455,0.2975609756097561,0.7333333333333333,1.0,0.0,250.0,0.0,0.0,2000.0,5887.499999999995,250,0,34,216,0,0.0573475399105422,0.07155014634771648,11142,35105,0.6826093149124056,0.23880246764250346,0.19347067808676274,8,9,False,"{""ab_weighted_recall"": true, ""false_fast"": true, ""oversampling"": true, ""reaction"": true, ""reduction"": true, ""tier_a_recall"": true, ""tier_a_snapshot_recall"": true, ""tier_b_recall"": true, ""tier_b_snapshot_recall"": false}"
asym-sqrt_excess-balanced-balanced-tau1400-g0.95,205,45,756,1.0,1.0,0.8955026455026455,1.0,0.9333333333333333,0.8108465608465608,0.4975609756097561,0.9111111111111111,1.0,0.0,0.0,0.0,0.0,3000.0,14637.499999999996,250,0,55,193,2,0.1608203934688534,0.1747341883933086,14051,35105,0.599743626264065,0.15634459972912104,0.16962180503896607,8,9,False,"{""ab_weighted_recall"": true, ""false_fast"": true, ""oversampling"": false, ""reaction"": true, ""reduction"": true, ""tier_a_recall"": true, ""tier_a_snapshot_recall"": true, ""tier_b_recall"": true, ""tier_b_snapshot_recall"": true}"
asym-sqrt_excess-price_heavy-clean_release-tau1400-g1.2,205,45,756,1.0,1.0,0.8253968253968254,1.0,0.9111111111111111,0.7843915343915344,0.4682926829268293,0.8222222222222222,1.0,0.0,0.0,0.0,0.0,2625.0,10887.499999999996,250,0,50,198,2,0.12153169206152951,0.13555857825507944,12849,35105,0.6339837629967241,0.17452861789738194,0.17974544323483843,8,9,False,"{""ab_weighted_recall"": true, ""false_fast"": true, ""oversampling"": false, ""reaction"": true, ""reduction"": true, ""tier_a_recall"": true, ""tier_a_snapshot_recall"": true, ""tier_b_recall"": true, ""tier_b_snapshot_recall"": true}"
asym-log_excess-price_heavy-clean_release-tau700-g0.95,205,45,756,1.0,1.0,0.4748677248677249,0.9853658536585366,0.8666666666666667,0.44312169312169314,0.36585365853658536,0.6,1.0,0.0,250.0,0.0,0.0,1500.0,3500.0,250,0,14,236,0,0.04030692025164551,0.05334035992280247,8757,35105,0.7505483549351945,0.35311174344545027,0.19944347425020395,8,9,False,"{""ab_weighted_recall"": true, ""false_fast"": true, ""oversampling"": true, ""reaction"": true, ""reduction"": true, ""tier_a_recall"": true, ""tier_a_snapshot_recall"": true, ""tier_b_recall"": true, ""tier_b_snapshot_recall"": false}"
asym-sqrt_excess-confluence-fidelity-tau700-g0.75,205,45,756,1.0,1.0,0.8677248677248677,1.0,0.8444444444444444,0.7632275132275133,0.40487804878048783,0.7333333333333333,1.0,0.0,0.0,0.0,0.0,2000.0,6000.0,250,0,31,219,0,0.07243899778173751,0.08646977973066323,11971,35105,0.6589944452357215,0.1989439976419091,0.1868981711961466,8,9,False,"{""ab_weighted_recall"": true, ""false_fast"": true, ""oversampling"": true, ""reaction"": true, ""reduction"": true, ""tier_a_recall"": true, ""tier_a_snapshot_recall"": true, ""tier_b_recall"": true, ""tier_b_snapshot_recall"": false}"
asym-sqrt_excess-balanced-fidelity-tau1900-g0.55,205,45,756,1.0,1.0,0.8703703703703703,1.0,0.9333333333333333,0.8002645502645502,0.5073170731707317,0.8666666666666667,1.0,0.0,0.0,0.0,0.0,4250.0,18274.999999999993,250,0,64,182,4,0.15512564093239753,0.16921499227312542,13207,35105,0.623785785500641,0.17473120786182195,0.17357603536315297,8,9,False,"{""ab_weighted_recall"": true, ""false_fast"": true, ""oversampling"": false, ""reaction"": true, ""reduction"": true, ""tier_a_recall"": true, ""tier_a_snapshot_recall"": true, ""tier_b_recall"": true, ""tier_b_snapshot_recall"": true}"
asym-log_excess-price_heavy-fidelity-tau1400-g0.55,205,45,756,1.0,1.0,0.6150793650793651,1.0,0.8,0.5542328042328042,0.2975609756097561,0.7333333333333333,1.0,0.0,250.0,0.0,0.0,2375.0,6000.0,250,0,33,217,0,0.06361685879486527,0.07788119841332014,10210,35105,0.7091582395670133,0.29829765167942485,0.19124253621304554,8,9,False,"{""ab_weighted_recall"": true, ""false_fast"": true, ""oversampling"": true, ""reaction"": true, ""reduction"": true, ""tier_a_recall"": true, ""tier_a_snapshot_recall"": true, ""tier_b_recall"": true, ""tier_b_snapshot_recall"": false}"
asym-sqrt_excess-price_heavy-balanced-tau2600-g0.95,205,45,756,1.0,1.0,0.8981481481481481,1.0,0.9333333333333333,0.8373015873015873,0.5463414634146342,0.8666666666666667,1.0,0.0,0.0,0.0,0.0,5000.0,26774.999999999993,250,0,70,172,8,0.21602967380632024,0.22939915538495503,14948,35105,0.574191710582538,0.15006091349141454,0.16122887850506887,7,9,False,"{""ab_weighted_recall"": true, ""false_fast"": false, ""oversampling"": false, ""reaction"": true, ""reduction"": true, ""tier_a_recall"": true, ""tier_a_snapshot_recall"": true, ""tier_b_recall"": true, ""tier_b_snapshot_recall"": true}"
asym-sqrt_excess-price_heavy-balanced-tau1400-g0.95,205,45,756,1.0,1.0,0.8373015873015873,1.0,0.8888888888888888,0.791005291005291,0.4634146341463415,0.8222222222222222,1.0,0.0,0.0,0.0,0.0,2750.0,10887.499999999996,250,0,50,198,2,0.12074620895305284,0.13501734095813245,12582,35105,0.6415895171627973,0.18020329330275534,0.18157338213779758,7,9,False,"{""ab_weighted_recall"": true, ""false_fast"": true, ""oversampling"": false, ""reaction"": true, ""reduction"": true, ""tier_a_recall"": true, ""tier_a_snapshot_recall"": true, ""tier_b_recall"": true, ""tier_b_snapshot_recall"": false}"
asym-sqrt_excess-price_heavy-fidelity-tau1400-g0.95,205,45,756,1.0,1.0,0.9034391534391535,1.0,0.9111111111111111,0.8095238095238095,0.4878048780487805,0.8666666666666667,1.0,0.0,0.0,0.0,0.0,3250.0,16687.499999999978,250,0,60,187,3,0.1601221862613186,0.1741146141191719,13823,35105,0.6062384275744196,0.16140419215530796,0.17088726936338056,8,9,False,"{""ab_weighted_recall"": true, ""false_fast"": true, ""oversampling"": false, ""reaction"": true, ""reduction"": true, ""tier_a_recall"": true, ""tier_a_snapshot_recall"": true, ""tier_b_recall"": true, ""tier_b_snapshot_recall"": true}"
asym-sqrt_excess-confluence-responsive-tau1000-g0.55,205,45,756,1.0,1.0,0.8386243386243386,1.0,0.8666666666666667,0.7420634920634921,0.424390243902439,0.7333333333333333,1.0,0.0,0.0,0.0,0.0,2500.0,7137.499999999995,250,0,39,211,0,0.08335575839121423,0.09785712759669275,11717,35105,0.6662298817832217,0.20841419404946734,0.18929253401039178,7,9,False,"{""ab_weighted_recall"": true, ""false_fast"": true, ""oversampling"": false, ""reaction"": true, ""reduction"": true, ""tier_a_recall"": true, ""tier_a_snapshot_recall"": true, ""tier_b_recall"": true, ""tier_b_snapshot_recall"": false}"
asym-log_excess-confluence-balanced-tau1900-g0.95,205,45,756,1.0,1.0,0.8002645502645502,1.0,0.9111111111111111,0.7592592592592593,0.4292682926829268,0.8,1.0,0.0,0.0,0.0,0.0,3500.0,16524.999999999993,250,0,59,187,4,0.13877595548929053,0.1529707518213347,13082,35105,0.6273465318330722,0.17668849313062313,0.17582867196080057,8,9,False,"{""ab_weighted_recall"": true, ""false_fast"": true, ""oversampling"": false, ""reaction"": true, ""reduction"": true, ""tier_a_recall"": true, ""tier_a_snapshot_recall"": true, ""tier_b_recall"": true, ""tier_b_snapshot_recall"": true}"
asym-log_excess-price_heavy-fidelity-tau1900-g0.55,205,45,756,1.0,1.0,0.6878306878306878,1.0,0.8444444444444444,0.6071428571428571,0.3463414634146341,0.7777777777777778,1.0,0.0,250.0,0.0,0.0,3000.0,9137.499999999996,250,0,49,201,0,0.08321029855631114,0.09774318290259865,11047,35105,0.6853154821250533,0.26856512419646017,0.18680161902015868,7,9,False,"{""ab_weighted_recall"": true, ""false_fast"": true, ""oversampling"": false, ""reaction"": true, ""reduction"": true, ""tier_a_recall"": true, ""tier_a_snapshot_recall"": true, ""tier_b_recall"": true, ""tier_b_snapshot_recall"": false}"
asym-sqrt_excess-price_heavy-responsive-tau1400-g0.55,205,45,756,1.0,1.0,0.8082010582010583,1.0,0.8666666666666667,0.7380952380952381,0.4585365853658537,0.7777777777777778,1.0,0.0,0.0,0.0,0.0,2750.0,9412.499999999987,250,0,46,204,0,0.09286883159387614,0.10736438801016956,11526,35105,0.6716707021791768,0.22190696950431596,0.18881990213502586,7,9,False,"{""ab_weighted_recall"": true, ""false_fast"": true, ""oversampling"": false, ""reaction"": true, ""reduction"": true, ""tier_a_recall"": true, ""tier_a_snapshot_recall"": true, ""tier_b_recall"": true, ""tier_b_snapshot_recall"": false}"
asym-sqrt_excess-balanced-balanced-tau700-g1.2,205,45,756,1.0,1.0,0.8716931216931217,1.0,0.9333333333333333,0.7658730158730159,0.4146341463414634,0.8888888888888888,1.0,0.0,0.0,0.0,0.0,2250.0,7887.499999999995,250,0,36,213,1,0.10977126440961489,0.12334513135686766,13508,35105,0.6152115083321464,0.16885866642998348,0.17559625923103356,8,9,False,"{""ab_weighted_recall"": true, ""false_fast"": true, ""oversampling"": false, ""reaction"": true, ""reduction"": true, ""tier_a_recall"": true, ""tier_a_snapshot_recall"": true, ""tier_b_recall"": true, ""tier_b_snapshot_recall"": true}"
asym-log_excess-confluence-clean_release-tau2600-g1.2,205,45,756,1.0,1.0,0.8306878306878307,1.0,0.9555555555555556,0.8240740740740741,0.5121951219512195,0.8444444444444444,1.0,0.0,0.0,0.0,0.0,4250.0,21099.999999999967,250,0,66,178,6,0.1779701080039274,0.1917902847905198,14086,35105,0.5987466172909842,0.15974626149867094,0.16980480739908493,8,9,False,"{""ab_weighted_recall"": true, ""false_fast"": true, ""oversampling"": false, ""reaction"": true, ""reduction"": true, ""tier_a_recall"": true, ""tier_a_snapshot_recall"": true, ""tier_b_recall"": true, ""tier_b_snapshot_recall"": true}"
asym-sqrt_excess-balanced-clean_release-tau1400-g0.55,205,45,756,1.0,1.0,0.7129629629629629,1.0,0.9111111111111111,0.671957671957672,0.43414634146341463,0.7111111111111111,1.0,0.0,250.0,0.0,0.0,2250.0,6500.0,250,0,39,211,0,0.067420633477581,0.08174107492575791,10462,35105,0.7019797749608319,0.26036323801408123,0.19306291102446518,8,9,False,"{""ab_weighted_recall"": true, ""false_fast"": true, ""oversampling"": false, ""reaction"": true, ""reduction"": true, ""tier_a_recall"": true, ""tier_a_snapshot_recall"": true, ""tier_b_recall"": true, ""tier_b_snapshot_recall"": true}"
asym-sqrt_excess-price_heavy-balanced-tau1900-g0.75,205,45,756,1.0,1.0,0.8240740740740741,1.0,0.8888888888888888,0.7764550264550265,0.4975609756097561,0.8222222222222222,1.0,0.0,0.0,0.0,0.0,3250.0,15574.999999999975,250,0,57,190,3,0.12944470708025746,0.14371274542618875,12412,35105,0.6464321321749038,0.19239209791714162,0.1825129855148519,7,9,False,"{""ab_weighted_recall"": true, ""false_fast"": true, ""oversampling"": false, ""reaction"": true, ""reduction"": true, ""tier_a_recall"": true, ""tier_a_snapshot_recall"": true, ""tier_b_recall"": true, ""tier_b_snapshot_recall"": false}"
asym-sqrt_excess-price_heavy-balanced-tau1400-g0.75,205,45,756,1.0,1.0,0.7843915343915344,1.0,0.9333333333333333,0.7407407407407407,0.44878048780487806,0.7111111111111111,1.0,0.0,0.0,0.0,0.0,2750.0,8637.499999999996,250,0,44,205,1,0.09099239972362631,0.10550566518775949,11493,35105,0.6726107392109386,0.21889507377826936,0.19036846174572958,8,9,False,"{""ab_weighted_recall"": true, ""false_fast"": true, ""oversampling"": false, ""reaction"": true, ""reduction"": true, ""tier_a_recall"": true, ""tier_a_snapshot_recall"": true, ""tier_b_recall"": true, ""tier_b_snapshot_recall"": true}"
asym-log_excess-balanced-clean_release-tau1900-g1.2,205,45,756,1.0,1.0,0.7817460317460317,1.0,0.8888888888888888,0.7592592592592593,0.47804878048780486,0.8,1.0,0.0,0.0,0.0,0.0,3000.0,14274.99999999999,250,0,55,193,2,0.12979381068402487,0.14401897179156667,12776,35105,0.6360632388548639,0.17873863236809695,0.1797284284853825,7,9,False,"{""ab_weighted_recall"": true, ""false_fast"": true, ""oversampling"": false, ""reaction"": true, ""reduction"": true, ""tier_a_recall"": true, ""tier_a_snapshot_recall"": true, ""tier_b_recall"": true, ""tier_b_snapshot_recall"": false}"
asym-log_excess-balanced-balanced-tau700-g0.55,205,45,756,1.0,1.0,0.3835978835978836,0.9951219512195122,0.7111111111111111,0.32142857142857145,0.17073170731707318,0.5777777777777777,1.0,0.0,250.0,0.0,0.0,1000.0,2500.0,250,0,12,238,0,0.03059020328011928,0.04263668022133757,8952,35105,0.7449935906566016,0.3758737667901987,0.2011350512384318,8,9,False,"{""ab_weighted_recall"": true, ""false_fast"": true, ""oversampling"": true, ""reaction"": true, ""reduction"": true, ""tier_a_recall"": true, ""tier_a_snapshot_recall"": true, ""tier_b_recall"": true, ""tier_b_snapshot_recall"": false}"
asym-sqrt_excess-balanced-clean_release-tau1900-g0.75,205,45,756,1.0,1.0,0.8121693121693122,1.0,0.8888888888888888,0.7896825396825397,0.4926829268292683,0.8222222222222222,1.0,0.0,0.0,0.0,0.0,3000.0,13549.999999999984,250,0,54,194,2,0.12471726244590713,0.13898404062128344,12454,35105,0.645235721407207,0.18724393684155527,0.18267229627588605,7,9,False,"{""ab_weighted_recall"": true, ""false_fast"": true, ""oversampling"": false, ""reaction"": true, ""reduction"": true, ""tier_a_recall"": true, ""tier_a_snapshot_recall"": true, ""tier_b_recall"": true, ""tier_b_snapshot_recall"": false}"
asym-log_excess-balanced-balanced-tau1000-g0.95,205,45,756,1.0,1.0,0.7076719576719577,1.0,0.8666666666666667,0.6481481481481481,0.33170731707317075,0.6666666666666666,1.0,0.0,0.0,0.0,0.0,2000.0,6000.0,250,0,34,216,0,0.05970398923597222,0.07388601257664561,11013,35105,0.6862840051274748,0.24071778577740374,0.19432261631078046,8,9,False,"{""ab_weighted_recall"": true, ""false_fast"": true, ""oversampling"": true, ""reaction"": true, ""reduction"": true, ""tier_a_recall"": true, ""tier_a_snapshot_recall"": true, ""tier_b_recall"": true, ""tier_b_snapshot_recall"": false}"
asym-sqrt_excess-confluence-balanced-tau1900-g0.55,205,45,756,1.0,1.0,0.8201058201058201,1.0,0.9111111111111111,0.7724867724867724,0.4975609756097561,0.7777777777777778,1.0,0.0,0.0,0.0,0.0,3250.0,14524.99999999999,250,0,56,191,3,0.1262154987454089,0.14049380781803034,12295,35105,0.6497649907420595,0.19704636704592224,0.18368341045148767,8,9,False,"{""ab_weighted_recall"": true, ""false_fast"": true, ""oversampling"": false, ""reaction"": true, ""reduction"": true, ""tier_a_recall"": true, ""tier_a_snapshot_recall"": true, ""tier_b_recall"": true, ""tier_b_snapshot_recall"": true}"
asym-sqrt_excess-confluence-clean_release-tau2600-g0.75,205,45,756,1.0,1.0,0.8544973544973545,1.0,0.9555555555555556,0.828042328042328,0.526829268292683,0.8444444444444444,1.0,0.0,0.0,0.0,0.0,4250.0,19887.499999999996,250,0,65,179,6,0.17242081530237463,0.18633518256076456,13718,35105,0.6092294544936618,0.1651624338609278,0.17101051761038583,8,9,False,"{""ab_weighted_recall"": true, ""false_fast"": true, ""oversampling"": false, ""reaction"": true, ""reduction"": true, ""tier_a_recall"": true, ""tier_a_snapshot_recall"": true, ""tier_b_recall"": true, ""tier_b_snapshot_recall"": true}"
asym-log_excess-balanced-fidelity-tau2600-g0.95,205,45,756,1.0,1.0,0.8928571428571429,1.0,0.9333333333333333,0.8214285714285714,0.5463414634146342,0.8888888888888888,1.0,0.0,0.0,0.0,0.0,5500.0,27912.499999999985,250,0,76,162,12,0.22763009563984146,0.24082923251126984,15221,35105,0.5664150405925081,0.14824080425729602,0.16040421309006597,7,9,False,"{""ab_weighted_recall"": true, ""false_fast"": false, ""oversampling"": false, ""reaction"": true, ""reduction"": true, ""tier_a_recall"": true, ""tier_a_snapshot_recall"": true, ""tier_b_recall"": true, ""tier_b_snapshot_recall"": true}"
asym-log_excess-price_heavy-balanced-tau1900-g0.55,205,45,756,1.0,1.0,0.5925925925925926,1.0,0.8888888888888888,0.5264550264550265,0.33170731707317075,0.6888888888888889,1.0,0.0,250.0,0.0,0.0,2750.0,7524.999999999992,250,0,41,209,0,0.07286083130295647,0.08721754178565579,10316,35105,0.7061387266771115,0.3038060653248464,0.18887239094083705,7,9,False,"{""ab_weighted_recall"": true, ""false_fast"": true, ""oversampling"": false, ""reaction"": true, ""reduction"": true, ""tier_a_recall"": true, ""tier_a_snapshot_recall"": true, ""tier_b_recall"": true, ""tier_b_snapshot_recall"": false}"
asym-sqrt_excess-balanced-fidelity-tau1400-g1.2,205,45,756,1.0,1.0,0.9417989417989417,1.0,1.0,0.8664021164021164,0.5707317073170731,0.9333333333333333,1.0,0.0,0.0,0.0,0.0,4250.0,23824.999999999975,250,0,67,176,7,0.2531873886323139,0.2660252529928286,17063,35105,0.5139438826378009,0.12540233869503853,0.1530131394121687,7,9,False,"{""ab_weighted_recall"": true, ""false_fast"": false, ""oversampling"": false, ""reaction"": true, ""reduction"": true, ""tier_a_recall"": true, ""tier_a_snapshot_recall"": true, ""tier_b_recall"": true, ""tier_b_snapshot_recall"": true}"
asym-log_excess-confluence-responsive-tau1900-g1.2,205,45,756,1.0,1.0,0.9166666666666666,1.0,0.9777777777777777,0.8187830687830688,0.5414634146341464,0.9111111111111111,1.0,0.0,0.0,0.0,0.0,5000.0,27774.999999999993,250,0,69,169,12,0.24455434743081567,0.25749364402253255,15952,35105,0.5455917960404502,0.13880547188505446,0.15863297780991328,7,9,False,"{""ab_weighted_recall"": true, ""false_fast"": false, ""oversampling"": false, ""reaction"": true, ""reduction"": true, ""tier_a_recall"": true, ""tier_a_snapshot_recall"": true, ""tier_b_recall"": true, ""tier_b_snapshot_recall"": true}"
asym-sqrt_excess-balanced-balanced-tau1400-g1.2,205,45,756,1.0,1.0,0.9153439153439153,1.0,1.0,0.8373015873015873,0.5219512195121951,0.9333333333333333,1.0,0.0,0.0,0.0,0.0,3250.0,17662.499999999985,250,0,59,188,3,0.20289465071457144,0.2163168801942757,15692,35105,0.5529981484119071,0.13628411479000183,0.16197309221264375,7,9,False,"{""ab_weighted_recall"": true, ""false_fast"": false, ""oversampling"": false, ""reaction"": true, ""reduction"": true, ""tier_a_recall"": true, ""tier_a_snapshot_recall"": true, ""tier_b_recall"": true, ""tier_b_snapshot_recall"": true}"
asym-sqrt_excess-confluence-fidelity-tau1000-g0.55,205,45,756,1.0,1.0,0.8134920634920635,1.0,0.8444444444444444,0.7182539682539683,0.424390243902439,0.7555555555555555,1.0,0.0,0.0,0.0,0.0,2250.0,6500.0,250,0,38,212,0,0.07591548783592131,0.09030117006957748,11446,35105,0.6739495798319328,0.2214120576069489,0.19046718471455212,7,9,False,"{""ab_weighted_recall"": true, ""false_fast"": true, ""oversampling"": false, ""reaction"": true, ""reduction"": true, ""tier_a_recall"": true, ""tier_a_snapshot_recall"": true, ""tier_b_recall"": true, ""tier_b_snapshot_recall"": false}"
asym-sqrt_excess-price_heavy-fidelity-tau1400-g1.2,205,45,756,1.0,1.0,0.9312169312169312,1.0,0.9777777777777777,0.8306878306878307,0.5170731707317073,0.9333333333333333,1.0,0.0,0.0,0.0,0.0,3750.0,20849.999999999967,250,0,63,182,5,0.20511291319684352,0.21860289561953866,15300,35105,0.5641646489104116,0.1420471437433591,0.16279027542750335,7,9,False,"{""ab_weighted_recall"": true, ""false_fast"": false, ""oversampling"": false, ""reaction"": true, ""reduction"": true, ""tier_a_recall"": true, ""tier_a_snapshot_recall"": true, ""tier_b_recall"": true, ""tier_b_snapshot_recall"": true}"
asym-log_excess-price_heavy-responsive-tau700-g1.2,205,45,756,1.0,1.0,0.7579365079365079,1.0,0.8444444444444444,0.6335978835978836,0.4,0.6888888888888889,1.0,0.0,0.0,0.0,0.0,1875.0,5387.499999999995,250,0,29,221,0,0.0531728426488236,0.0672273695155214,10990,35105,0.6869391824526421,0.23260859607678544,0.19140635523139754,8,9,False,"{""ab_weighted_recall"": true, ""false_fast"": true, ""oversampling"": true, ""reaction"": true, ""reduction"": true, ""tier_a_recall"": true, ""tier_a_snapshot_recall"": true, ""tier_b_recall"": true, ""tier_b_snapshot_recall"": false}"
asym-sqrt_excess-confluence-clean_release-tau1900-g0.55,205,45,756,1.0,1.0,0.7566137566137566,1.0,0.9777777777777777,0.7354497354497355,0.4682926829268293,0.7111111111111111,1.0,0.0,0.0,0.0,0.0,2750.0,10637.499999999996,250,0,50,198,2,0.09602531001127314,0.11051211018451919,11324,35105,0.6774248682523857,0.2272902132407169,0.18974203006058588,8,9,False,"{""ab_weighted_recall"": true, ""false_fast"": true, ""oversampling"": false, ""reaction"": true, ""reduction"": true, ""tier_a_recall"": true, ""tier_a_snapshot_recall"": true, ""tier_b_recall"": true, ""tier_b_snapshot_recall"": true}"
asym-sqrt_excess-confluence-clean_release-tau1900-g0.95,205,45,756,1.0,1.0,0.876984126984127,1.0,0.9555555555555556,0.828042328042328,0.5073170731707317,0.8666666666666667,1.0,0.0,0.0,0.0,0.0,3250.0,16687.499999999978,250,0,59,187,4,0.16663151387323175,0.18051688161858437,14134,35105,0.5973792906993306,0.15430707653494435,0.1689276618632367,8,9,False,"{""ab_weighted_recall"": true, ""false_fast"": true, ""oversampling"": false, ""reaction"": true, ""reduction"": true, ""tier_a_recall"": true, ""tier_a_snapshot_recall"": true, ""tier_b_recall"": true, ""tier_b_snapshot_recall"": true}"
asym-sqrt_excess-price_heavy-balanced-tau700-g0.95,205,45,756,1.0,1.0,0.7698412698412699,1.0,0.9111111111111111,0.6772486772486772,0.4,0.6444444444444445,1.0,0.0,0.0,0.0,0.0,1750.0,5250.0,250,0,23,227,0,0.05032910287646823,0.0639941888206012,10799,35105,0.6923800028485971,0.23688491787192753,0.19495517578316074,9,9,True,"{""ab_weighted_recall"": true, ""false_fast"": true, ""oversampling"": true, ""reaction"": true, ""reduction"": true, ""tier_a_recall"": true, ""tier_a_snapshot_recall"": true, ""tier_b_recall"": true, ""tier_b_snapshot_recall"": true}"
asym-log_excess-price_heavy-clean_release-tau1900-g0.75,205,45,756,1.0,1.0,0.6283068783068783,1.0,0.9111111111111111,0.578042328042328,0.36097560975609755,0.6888888888888889,1.0,0.0,250.0,0.0,0.0,2750.0,7887.499999999995,250,0,43,207,0,0.07275900941852431,0.08718193406875138,10523,35105,0.7002421307506053,0.28888137499573885,0.19199696009162914,8,9,False,"{""ab_weighted_recall"": true, ""false_fast"": true, ""oversampling"": false, ""reaction"": true, ""reduction"": true, ""tier_a_recall"": true, ""tier_a_snapshot_recall"": true, ""tier_b_recall"": true, ""tier_b_snapshot_recall"": true}"
asym-log_excess-price_heavy-fidelity-tau1900-g0.75,205,45,756,1.0,1.0,0.7619047619047619,1.0,0.8888888888888888,0.6970899470899471,0.4292682926829268,0.7777777777777778,1.0,0.0,0.0,0.0,0.0,3750.0,11774.99999999999,250,0,55,193,2,0.10656387505000182,0.12100214358455764,11953,35105,0.6595071927075915,0.22210710670109252,0.18268791168037177,7,9,False,"{""ab_weighted_recall"": true, ""false_fast"": true, ""oversampling"": false, ""reaction"": true, ""reduction"": true, ""tier_a_recall"": true, ""tier_a_snapshot_recall"": true, ""tier_b_recall"": true, ""tier_b_snapshot_recall"": false}"
asym-sqrt_excess-balanced-clean_release-tau700-g1.2,205,45,756,1.0,1.0,0.8492063492063492,0.9853658536585366,0.9111111111111111,0.7685185185185185,0.3951219512195122,0.7333333333333333,1.0,0.0,0.0,0.0,0.0,1750.0,6500.0,250,0,29,221,0,0.07953016473326303,0.09307145044474038,12125,35105,0.6546076057541661,0.1877431528991048,0.18690978847515424,8,9,False,"{""ab_weighted_recall"": true, ""false_fast"": true, ""oversampling"": false, ""reaction"": true, ""reduction"": true, ""tier_a_recall"": true, ""tier_a_snapshot_recall"": true, ""tier_b_recall"": true, ""tier_b_snapshot_recall"": true}"
asym-log_excess-balanced-responsive-tau1900-g0.55,205,45,756,1.0,1.0,0.7579365079365079,1.0,0.9111111111111111,0.6759259259259259,0.36097560975609755,0.7777777777777778,1.0,0.0,0.0,0.0,0.0,3500.0,11387.499999999996,250,0,52,196,2,0.09785810393105204,0.11239219763707191,11929,35105,0.6601908560034183,0.22587727454336276,0.18445510035014817,8,9,False,"{""ab_weighted_recall"": true, ""false_fast"": true, ""oversampling"": false, ""reaction"": true, ""reduction"": true, ""tier_a_recall"": true, ""tier_a_snapshot_recall"": true, ""tier_b_recall"": true, ""tier_b_snapshot_recall"": true}"
asym-log_excess-price_heavy-fidelity-tau1000-g1.2,205,45,756,1.0,1.0,0.783068783068783,1.0,0.8444444444444444,0.6759259259259259,0.424390243902439,0.7777777777777778,1.0,0.0,0.0,0.0,0.0,2250.0,7024.999999999992,250,0,39,211,0,0.07777737372268083,0.0922168652390346,11657,35105,0.6679390400227887,0.20942252203568268,0.18724617330538468,7,9,False,"{""ab_weighted_recall"": true, ""false_fast"": true, ""oversampling"": false, ""reaction"": true, ""reduction"": true, ""tier_a_recall"": true, ""tier_a_snapshot_recall"": true, ""tier_b_recall"": true, ""tier_b_snapshot_recall"": false}"
asym-log_excess-balanced-fidelity-tau700-g0.75,205,45,756,1.0,1.0,0.6785714285714286,0.9902439024390244,0.7333333333333333,0.6005291005291006,0.25853658536585367,0.7111111111111111,1.0,0.0,250.0,0.0,0.0,1500.0,3750.0,250,0,18,232,0,0.04224153605585658,0.0556406184348272,10234,35105,0.7084745762711864,0.2724548562339273,0.2000242583352895,8,9,False,"{""ab_weighted_recall"": true, ""false_fast"": true, ""oversampling"": true, ""reaction"": true, ""reduction"": true, ""tier_a_recall"": true, ""tier_a_snapshot_recall"": true, ""tier_b_recall"": true, ""tier_b_snapshot_recall"": false}"
asym-log_excess-price_heavy-balanced-tau1900-g0.95,205,45,756,1.0,1.0,0.7513227513227513,1.0,0.9333333333333333,0.7142857142857143,0.48292682926829267,0.7333333333333333,1.0,0.0,0.0,0.0,0.0,3250.0,11500.0,250,0,52,195,3,0.10668024291792429,0.12110896673527087,11717,35105,0.6662298817832217,0.2187882063399382,0.1859629819799987,8,9,False,"{""ab_weighted_recall"": true, ""false_fast"": true, ""oversampling"": false, ""reaction"": true, ""reduction"": true, ""tier_a_recall"": true, ""tier_a_snapshot_recall"": true, ""tier_b_recall"": true, ""tier_b_snapshot_recall"": true}"
asym-sqrt_excess-balanced-responsive-tau1000-g0.75,205,45,756,1.0,1.0,0.8981481481481481,1.0,0.8888888888888888,0.7843915343915344,0.43414634146341463,0.8666666666666667,1.0,0.0,0.0,0.0,0.0,2750.0,10387.499999999996,250,0,46,202,2,0.12111713153205571,0.1352665949764633,13016,35105,0.6292266058965958,0.17343735065275698,0.17665167055325393,7,9,False,"{""ab_weighted_recall"": true, ""false_fast"": true, ""oversampling"": false, ""reaction"": true, ""reduction"": true, ""tier_a_recall"": true, ""tier_a_snapshot_recall"": true, ""tier_b_recall"": true, ""tier_b_snapshot_recall"": false}"
asym-log_excess-confluence-balanced-tau1900-g1.2,205,45,756,1.0,1.0,0.843915343915344,1.0,0.9111111111111111,0.8174603174603174,0.5024390243902439,0.8666666666666667,1.0,0.0,0.0,0.0,0.0,4250.0,19187.499999999978,250,0,62,183,5,0.17877741008763956,0.19259501919255942,14205,35105,0.5953567867825096,0.15588852438669493,0.16801473251154475,8,9,False,"{""ab_weighted_recall"": true, ""false_fast"": true, ""oversampling"": false, ""reaction"": true, ""reduction"": true, ""tier_a_recall"": true, ""tier_a_snapshot_recall"": true, ""tier_b_recall"": true, ""tier_b_snapshot_recall"": true}"
asym-log_excess-price_heavy-fidelity-tau700-g0.55,205,45,756,1.0,1.0,0.3862433862433862,0.9902439024390244,0.6222222222222222,0.32275132275132273,0.23414634146341465,0.6888888888888889,1.0,0.0,250.0,0.0,0.0,1250.0,3000.0,250,0,13,237,0,0.03804501981890251,0.051097073757824796,8733,35105,0.7512320182310213,0.3785894797990758,0.20100323978296863,8,9,False,"{""ab_weighted_recall"": true, ""false_fast"": true, ""oversampling"": true, ""reaction"": true, ""reduction"": true, ""tier_a_recall"": true, ""tier_a_snapshot_recall"": true, ""tier_b_recall"": true, ""tier_b_snapshot_recall"": false}"
asym-sqrt_excess-price_heavy-balanced-tau700-g0.55,205,45,756,1.0,1.0,0.5965608465608465,1.0,0.8888888888888888,0.5674603174603174,0.3902439024390244,0.6,1.0,0.0,250.0,0.0,0.0,1500.0,3750.0,250,0,18,232,0,0.04347794465253282,0.05679430846253,9052,35105,0.7421449935906566,0.33810814413883306,0.19711881408793835,8,9,False,"{""ab_weighted_recall"": true, ""false_fast"": true, ""oversampling"": true, ""reaction"": true, ""reduction"": true, ""tier_a_recall"": true, ""tier_a_snapshot_recall"": true, ""tier_b_recall"": true, ""tier_b_snapshot_recall"": false}"
asym-log_excess-confluence-fidelity-tau1900-g0.95,205,45,756,1.0,1.0,0.8597883597883598,1.0,0.8888888888888888,0.8055555555555556,0.4682926829268293,0.8888888888888888,1.0,0.0,0.0,0.0,0.0,4375.0,20987.49999999996,250,0,65,179,6,0.1786755882032074,0.192559411475655,14135,35105,0.5973508047286711,0.15809383082348877,0.1666504625183346,7,9,False,"{""ab_weighted_recall"": true, ""false_fast"": true, ""oversampling"": false, ""reaction"": true, ""reduction"": true, ""tier_a_recall"": true, ""tier_a_snapshot_recall"": true, ""tier_b_recall"": true, ""tier_b_snapshot_recall"": false}"
asym-log_excess-confluence-balanced-tau2600-g0.95,205,45,756,1.0,1.0,0.8333333333333334,1.0,0.9111111111111111,0.8095238095238095,0.48292682926829267,0.8666666666666667,1.0,0.0,0.0,0.0,0.0,4750.0,24137.499999999996,250,0,68,176,6,0.18717771555329285,0.20092722494819076,14241,35105,0.5943312918387694,0.16295371033927103,0.16847014387611042,8,9,False,"{""ab_weighted_recall"": true, ""false_fast"": true, ""oversampling"": false, ""reaction"": true, ""reduction"": true, ""tier_a_recall"": true, ""tier_a_snapshot_recall"": true, ""tier_b_recall"": true, ""tier_b_snapshot_recall"": true}"
asym-log_excess-confluence-responsive-tau1000-g0.95,205,45,756,1.0,1.0,0.8029100529100529,1.0,0.8666666666666667,0.708994708994709,0.3804878048780488,0.7555555555555555,1.0,0.0,0.0,0.0,0.0,2500.0,7887.499999999995,250,0,43,206,1,0.0894650714571439,0.10394604718734644,12212,35105,0.6521293263067939,0.193867594722883,0.1847015434323059,7,9,False,"{""ab_weighted_recall"": true, ""false_fast"": true, ""oversampling"": false, ""reaction"": true, ""reduction"": true, ""tier_a_recall"": true, ""tier_a_snapshot_recall"": true, ""tier_b_recall"": true, ""tier_b_snapshot_recall"": false}"
asym-sqrt_excess-confluence-clean_release-tau1900-g0.75,205,45,756,1.0,1.0,0.8253968253968254,1.0,0.9111111111111111,0.7923280423280423,0.4926829268292683,0.8222222222222222,1.0,0.0,0.0,0.0,0.0,3000.0,13549.999999999984,250,0,54,194,2,0.1311465871486236,0.14532933577364887,12732,35105,0.6373166215638798,0.1799393619880716,0.18046412987145383,8,9,False,"{""ab_weighted_recall"": true, ""false_fast"": true, ""oversampling"": false, ""reaction"": true, ""reduction"": true, ""tier_a_recall"": true, ""tier_a_snapshot_recall"": true, ""tier_b_recall"": true, ""tier_b_snapshot_recall"": true}"
asym-sqrt_excess-confluence-balanced-tau1000-g1.2,205,45,756,1.0,1.0,0.9007936507936508,1.0,1.0,0.8267195767195767,0.4878048780487805,0.9333333333333333,1.0,0.0,0.0,0.0,0.0,2750.0,12024.99999999999,250,0,52,196,2,0.16599876359140334,0.17957683789230802,15025,35105,0.5719982908417605,0.14595505012354684,0.16462936208895987,8,9,False,"{""ab_weighted_recall"": true, ""false_fast"": true, ""oversampling"": false, ""reaction"": true, ""reduction"": true, ""tier_a_recall"": true, ""tier_a_snapshot_recall"": true, ""tier_b_recall"": true, ""tier_b_snapshot_recall"": true}"
asym-sqrt_excess-balanced-clean_release-tau1400-g0.75,205,45,756,1.0,1.0,0.7843915343915344,1.0,0.9333333333333333,0.75,0.44878048780487806,0.7111111111111111,1.0,0.0,0.0,0.0,0.0,2500.0,8774.99999999999,250,0,45,203,2,0.09149423615404197,0.10579764846637563,11630,35105,0.668708161230594,0.21031333178877978,0.19092875831289238,8,9,False,"{""ab_weighted_recall"": true, ""false_fast"": true, ""oversampling"": false, ""reaction"": true, ""reduction"": true, ""tier_a_recall"": true, ""tier_a_snapshot_recall"": true, ""tier_b_recall"": true, ""tier_b_snapshot_recall"": true}"
asym-log_excess-balanced-fidelity-tau1400-g1.2,205,45,756,1.0,1.0,0.8558201058201058,1.0,0.8666666666666667,0.7896825396825397,0.4878048780487805,0.8888888888888888,1.0,0.0,0.0,0.0,0.0,3250.0,18274.999999999993,250,0,60,187,3,0.16607149350885486,0.18006110284220797,13976,35105,0.6018800740635237,0.1597876945077429,0.17034450916490382,7,9,False,"{""ab_weighted_recall"": true, ""false_fast"": true, ""oversampling"": false, ""reaction"": true, ""reduction"": true, ""tier_a_recall"": true, ""tier_a_snapshot_recall"": true, ""tier_b_recall"": true, ""tier_b_snapshot_recall"": false}"
asym-log_excess-balanced-responsive-tau1400-g0.95,205,45,756,1.0,1.0,0.832010582010582,1.0,0.8888888888888888,0.7645502645502645,0.44878048780487806,0.8444444444444444,1.0,0.0,0.0,0.0,0.0,3250.0,14637.499999999996,250,0,57,190,3,0.1357649369067966,0.14998682514474537,13138,35105,0.625751317476143,0.17347979560858465,0.174867929642628,7,9,False,"{""ab_weighted_recall"": true, ""false_fast"": true, ""oversampling"": false, ""reaction"": true, ""reduction"": true, ""tier_a_recall"": true, ""tier_a_snapshot_recall"": true, ""tier_b_recall"": true, ""tier_b_snapshot_recall"": false}"
asym-log_excess-price_heavy-clean_release-tau1000-g1.2,205,45,756,1.0,1.0,0.6759259259259259,1.0,0.8666666666666667,0.6044973544973545,0.40487804878048783,0.6222222222222222,1.0,0.0,250.0,0.0,0.0,2000.0,5250.0,250,0,28,222,0,0.05281646605331103,0.06652945826419501,10177,35105,0.7100982765987751,0.26375919336838255,0.19662044659380123,8,9,False,"{""ab_weighted_recall"": true, ""false_fast"": true, ""oversampling"": true, ""reaction"": true, ""reduction"": true, ""tier_a_recall"": true, ""tier_a_snapshot_recall"": true, ""tier_b_recall"": true, ""tier_b_snapshot_recall"": false}"
asym-log_excess-balanced-responsive-tau1000-g0.75,205,45,756,1.0,1.0,0.7354497354497355,1.0,0.8222222222222222,0.6362433862433863,0.3121951219512195,0.7111111111111111,1.0,0.0,0.0,0.0,0.0,2250.0,6000.0,250,0,35,215,0,0.06078766500600022,0.07507531032125282,11226,35105,0.6802164933770118,0.23714182761504288,0.19247548326396097,8,9,False,"{""ab_weighted_recall"": true, ""false_fast"": true, ""oversampling"": true, ""reaction"": true, ""reduction"": true, ""tier_a_recall"": true, ""tier_a_snapshot_recall"": true, ""tier_b_recall"": true, ""tier_b_snapshot_recall"": false}"
asym-sqrt_excess-price_heavy-fidelity-tau1400-g0.75,205,45,756,1.0,1.0,0.8518518518518519,1.0,0.9111111111111111,0.783068783068783,0.4634146341463415,0.8444444444444444,1.0,0.0,0.0,0.0,0.0,2875.0,11637.499999999996,250,0,52,195,3,0.11950252736463145,0.1337995570400017,12498,35105,0.6439823386981911,0.18446185677791782,0.1827322929016852,8,9,False,"{""ab_weighted_recall"": true, ""false_fast"": true, ""oversampling"": false, ""reaction"": true, ""reduction"": true, ""tier_a_recall"": true, ""tier_a_snapshot_recall"": true, ""tier_b_recall"": true, ""tier_b_snapshot_recall"": true}"
asym-log_excess-confluence-clean_release-tau1900-g0.95,205,45,756,1.0,1.0,0.7433862433862434,1.0,0.9777777777777777,0.7301587301587301,0.3902439024390244,0.7111111111111111,1.0,0.0,0.0,0.0,0.0,2750.0,12024.99999999999,250,0,53,195,2,0.1043019746172588,0.11870188507253292,12083,35105,0.655804016521863,0.20843954908995502,0.18651953240466376,8,9,False,"{""ab_weighted_recall"": true, ""false_fast"": true, ""oversampling"": false, ""reaction"": true, ""reduction"": true, ""tier_a_recall"": true, ""tier_a_snapshot_recall"": true, ""tier_b_recall"": true, ""tier_b_snapshot_recall"": true}"
asym-sqrt_excess-price_heavy-responsive-tau1400-g0.95,205,45,756,1.0,1.0,0.9193121693121693,1.0,0.9111111111111111,0.8029100529100529,0.4926829268292683,0.9111111111111111,1.0,0.0,0.0,0.0,0.0,3750.0,18274.999999999993,250,0,61,186,3,0.1750245463471399,0.18884908737421574,14146,35105,0.5970374590514171,0.15709365778961754,0.16869321179909139,8,9,False,"{""ab_weighted_recall"": true, ""false_fast"": true, ""oversampling"": false, ""reaction"": true, ""reduction"": true, ""tier_a_recall"": true, ""tier_a_snapshot_recall"": true, ""tier_b_recall"": true, ""tier_b_snapshot_recall"": true}"
asym-sqrt_excess-balanced-clean_release-tau1400-g1.2,205,45,756,1.0,1.0,0.8902116402116402,1.0,1.0,0.8174603174603174,0.4975609756097561,0.9333333333333333,1.0,0.0,0.0,0.0,0.0,2750.0,12662.499999999987,250,0,54,194,2,0.15933670315284193,0.17301077489513528,14484,35105,0.587409200968523,0.15281729450167622,0.16694043008202497,8,9,False,"{""ab_weighted_recall"": true, ""false_fast"": true, ""oversampling"": false, ""reaction"": true, ""reduction"": true, ""tier_a_recall"": true, ""tier_a_snapshot_recall"": true, ""tier_b_recall"": true, ""tier_b_snapshot_recall"": true}"
asym-log_excess-balanced-balanced-tau1000-g0.75,205,45,756,1.0,1.0,0.656084656084656,1.0,0.8666666666666667,0.5952380952380952,0.2731707317073171,0.6222222222222222,1.0,0.0,250.0,0.0,0.0,1875.0,5000.0,250,0,25,225,0,0.050140005091094224,0.06401555345074385,10307,35105,0.7063951004130467,0.27500254845054756,0.19839212072521725,8,9,False,"{""ab_weighted_recall"": true, ""false_fast"": true, ""oversampling"": true, ""reaction"": true, ""reduction"": true, ""tier_a_recall"": true, ""tier_a_snapshot_recall"": true, ""tier_b_recall"": true, ""tier_b_snapshot_recall"": false}"
asym-sqrt_excess-price_heavy-balanced-tau1000-g0.95,205,45,756,1.0,1.0,0.7976190476190477,1.0,0.9111111111111111,0.7407407407407407,0.4292682926829268,0.7111111111111111,1.0,0.0,0.0,0.0,0.0,2250.0,7137.499999999995,250,0,40,210,0,0.0802501909160333,0.09459546072824902,11630,35105,0.668708161230594,0.20849876869217984,0.18999932105225398,8,9,False,"{""ab_weighted_recall"": true, ""false_fast"": true, ""oversampling"": false, ""reaction"": true, ""reduction"": true, ""tier_a_recall"": true, ""tier_a_snapshot_recall"": true, ""tier_b_recall"": true, ""tier_b_snapshot_recall"": true}"
asym-log_excess-price_heavy-clean_release-tau1400-g0.55,205,45,756,1.0,1.0,0.43783068783068785,1.0,0.8666666666666667,0.4087301587301587,0.2634146341463415,0.6222222222222222,1.0,0.0,0.0,0.0,0.0,2000.0,5250.0,250,0,27,223,0,0.04915815120549838,0.06297580811713514,9343,35105,0.7338555761287566,0.35149980537196535,0.19653884152512505,8,9,False,"{""ab_weighted_recall"": true, ""false_fast"": true, ""oversampling"": true, ""reaction"": true, ""reduction"": true, ""tier_a_recall"": true, ""tier_a_snapshot_recall"": true, ""tier_b_recall"": true, ""tier_b_snapshot_recall"": false}"
asym-sqrt_excess-confluence-fidelity-tau2600-g0.75,205,45,756,1.0,1.0,0.9563492063492064,1.0,1.0,0.876984126984127,0.5951219512195122,0.9111111111111111,1.0,0.0,0.0,0.0,0.0,5750.0,30000.0,250,0,81,153,16,0.28070838939597803,0.29315121173060626,16681,35105,0.5248255234297109,0.13439435887544385,0.14896866329989353,7,9,False,"{""ab_weighted_recall"": true, ""false_fast"": false, ""oversampling"": false, ""reaction"": true, ""reduction"": true, ""tier_a_recall"": true, ""tier_a_snapshot_recall"": true, ""tier_b_recall"": true, ""tier_b_snapshot_recall"": true}"
asym-sqrt_excess-confluence-responsive-tau1900-g0.95,205,45,756,1.0,1.0,0.9576719576719577,1.0,1.0,0.8849206349206349,0.5853658536585366,0.9555555555555556,1.0,0.0,0.0,0.0,0.0,5250.0,30000.0,250,0,75,161,14,0.2880977490090549,0.30042942906586717,17239,35105,0.5089303518017376,0.12653575478039997,0.14768310007500557,7,9,False,"{""ab_weighted_recall"": true, ""false_fast"": false, ""oversampling"": false, ""reaction"": true, ""reduction"": true, ""tier_a_recall"": true, ""tier_a_snapshot_recall"": true, ""tier_b_recall"": true, ""tier_b_snapshot_recall"": true}"
asym-log_excess-price_heavy-balanced-tau2600-g1.2,205,45,756,1.0,1.0,0.8267195767195767,1.0,0.9333333333333333,0.7976190476190477,0.5365853658536586,0.8444444444444444,1.0,0.0,0.0,0.0,0.0,4750.0,24524.999999999993,250,0,67,176,7,0.18477762827739191,0.19854862945897636,13978,35105,0.6018231021222048,0.16691585329586012,0.1708315556153034,8,9,False,"{""ab_weighted_recall"": true, ""false_fast"": true, ""oversampling"": false, ""reaction"": true, ""reduction"": true, ""tier_a_recall"": true, ""tier_a_snapshot_recall"": true, ""tier_b_recall"": true, ""tier_b_snapshot_recall"": true}"
asym-log_excess-balanced-fidelity-tau700-g1.2,205,45,756,1.0,1.0,0.7764550264550265,1.0,0.8222222222222222,0.6693121693121693,0.4,0.7333333333333333,1.0,0.0,0.0,0.0,0.0,2000.0,6000.0,250,0,32,218,0,0.06336230408378486,0.07739693346342019,11602,35105,0.6695057684090586,0.21141128234636697,0.18744763701691422,8,9,False,"{""ab_weighted_recall"": true, ""false_fast"": true, ""oversampling"": true, ""reaction"": true, ""reduction"": true, ""tier_a_recall"": true, ""tier_a_snapshot_recall"": true, ""tier_b_recall"": true, ""tier_b_snapshot_recall"": false}"
asym-sqrt_excess-confluence-balanced-tau2600-g1.2,205,45,756,1.0,1.0,0.9563492063492064,1.0,1.0,0.8875661375661376,0.6487804878048781,0.9555555555555556,1.0,0.0,0.0,0.0,0.0,5750.0,30000.0,250,0,77,155,18,0.31919706171133494,0.3310591871470385,18254,35105,0.4800170915823957,0.12035408100885966,0.1427957510063665,7,9,False,"{""ab_weighted_recall"": true, ""false_fast"": false, ""oversampling"": false, ""reaction"": true, ""reduction"": true, ""tier_a_recall"": true, ""tier_a_snapshot_recall"": true, ""tier_b_recall"": true, ""tier_b_snapshot_recall"": true}"
asym-sqrt_excess-price_heavy-balanced-tau1000-g0.75,205,45,756,1.0,1.0,0.75,1.0,0.9111111111111111,0.6759259259259259,0.4195121951219512,0.6666666666666666,1.0,0.0,0.0,0.0,0.0,2250.0,6000.0,250,0,32,218,0,0.06130404741990618,0.07545987366382043,10686,35105,0.695598917533115,0.24425185396395235,0.19317015416451172,9,9,True,"{""ab_weighted_recall"": true, ""false_fast"": true, ""oversampling"": true, ""reaction"": true, ""reduction"": true, ""tier_a_recall"": true, ""tier_a_snapshot_recall"": true, ""tier_b_recall"": true, ""tier_b_snapshot_recall"": true}"
asym-log_excess-price_heavy-responsive-tau700-g0.95,205,45,756,1.0,1.0,0.6984126984126984,1.0,0.8444444444444444,0.6283068783068783,0.4,0.6888888888888889,1.0,0.0,37.499999999994316,0.0,0.0,1750.0,4250.0,250,0,21,229,0,0.04893996145314375,0.06278352644585135,10270,35105,0.7074490813274462,0.25755097150989664,0.19677865560909324,8,9,False,"{""ab_weighted_recall"": true, ""false_fast"": true, ""oversampling"": true, ""reaction"": true, ""reduction"": true, ""tier_a_recall"": true, ""tier_a_snapshot_recall"": true, ""tier_b_recall"": true, ""tier_b_snapshot_recall"": false}"
asym-sqrt_excess-confluence-responsive-tau1000-g1.2,205,45,756,1.0,1.0,0.9312169312169312,1.0,1.0,0.8425925925925926,0.5121951219512195,0.9333333333333333,1.0,0.0,0.0,0.0,0.0,3250.0,19049.99999999998,250,0,60,187,3,0.22424815447834467,0.2373467977980188,16634,35105,0.526164364050705,0.13095919778701726,0.15796804120409783,7,9,False,"{""ab_weighted_recall"": true, ""false_fast"": false, ""oversampling"": false, ""reaction"": true, ""reduction"": true, ""tier_a_recall"": true, ""tier_a_snapshot_recall"": true, ""tier_b_recall"": true, ""tier_b_snapshot_recall"": true}"
asym-sqrt_excess-price_heavy-clean_release-tau2600-g0.55,205,45,756,1.0,1.0,0.7367724867724867,1.0,0.9333333333333333,0.701058201058201,0.4975609756097561,0.7555555555555555,1.0,0.0,250.0,0.0,0.0,3500.0,13387.499999999996,250,0,57,190,3,0.10665842394268883,0.12110896673527087,11180,35105,0.6815268480273465,0.24387578008385866,0.18499967229246234,8,9,False,"{""ab_weighted_recall"": true, ""false_fast"": true, ""oversampling"": false, ""reaction"": true, ""reduction"": true, ""tier_a_recall"": true, ""tier_a_snapshot_recall"": true, ""tier_b_recall"": true, ""tier_b_snapshot_recall"": true}"
asym-log_excess-balanced-clean_release-tau1000-g1.2,205,45,756,1.0,1.0,0.7156084656084656,1.0,0.8888888888888888,0.6706349206349206,0.4,0.6666666666666666,1.0,0.0,0.0,0.0,0.0,2000.0,6387.499999999995,250,0,34,216,0,0.0619222517182443,0.07588716626667331,11021,35105,0.6860561173621991,0.2339393914181818,0.19448061030801503,7,9,False,"{""ab_weighted_recall"": true, ""false_fast"": true, ""oversampling"": false, ""reaction"": true, ""reduction"": true, ""tier_a_recall"": true, ""tier_a_snapshot_recall"": true, ""tier_b_recall"": true, ""tier_b_snapshot_recall"": false}"
asym-sqrt_excess-confluence-fidelity-tau2600-g0.95,205,45,756,1.0,1.0,0.9616402116402116,1.0,1.0,0.9034391534391535,0.6487804878048781,0.9555555555555556,1.0,0.0,0.0,0.0,0.0,6250.0,30000.0,250,0,83,148,19,0.3322593548856322,0.34395630220981493,18277,35105,0.4793619142572283,0.12069697728197032,0.14011006653841848,7,9,False,"{""ab_weighted_recall"": true, ""false_fast"": false, ""oversampling"": false, ""reaction"": true, ""reduction"": true, ""tier_a_recall"": true, ""tier_a_snapshot_recall"": true, ""tier_b_recall"": true, ""tier_b_snapshot_recall"": true}"
asym-log_excess-confluence-responsive-tau2600-g1.2,205,45,756,1.0,1.0,0.9457671957671958,1.0,1.0,0.8743386243386243,0.624390243902439,0.9333333333333333,1.0,0.0,0.0,0.0,0.0,6250.0,30000.0,250,0,83,148,19,0.3096912615004182,0.32172284377470284,17454,35105,0.5028058681099559,0.13094348459666014,0.14552278696032248,7,9,False,"{""ab_weighted_recall"": true, ""false_fast"": false, ""oversampling"": false, ""reaction"": true, ""reduction"": true, ""tier_a_recall"": true, ""tier_a_snapshot_recall"": true, ""tier_b_recall"": true, ""tier_b_snapshot_recall"": true}"
asym-sqrt_excess-balanced-responsive-tau1900-g0.95,205,45,756,1.0,1.0,0.9576719576719577,1.0,1.0,0.876984126984127,0.5804878048780487,0.9555555555555556,1.0,0.0,0.0,0.0,0.0,5250.0,29099.999999999967,250,0,74,163,13,0.2781192043347031,0.290580334570108,16943,35105,0.5173621991169349,0.12930513185175585,0.14937592085662643,7,9,False,"{""ab_weighted_recall"": true, ""false_fast"": false, ""oversampling"": false, ""reaction"": true, ""reduction"": true, ""tier_a_recall"": true, ""tier_a_snapshot_recall"": true, ""tier_b_recall"": true, ""tier_b_snapshot_recall"": true}"
asym-log_excess-balanced-clean_release-tau1000-g0.55,205,45,756,1.0,1.0,0.42724867724867727,1.0,0.8,0.37433862433862436,0.18536585365853658,0.5333333333333333,1.0,0.0,250.0,0.0,0.0,1250.0,3500.0,250,0,15,235,0,0.03437215898759955,0.04719446798510173,9305,35105,0.7349380430138157,0.36155112697361413,0.1988393050690268,8,9,False,"{""ab_weighted_recall"": true, ""false_fast"": true, ""oversampling"": true, ""reaction"": true, ""reduction"": true, ""tier_a_recall"": true, ""tier_a_snapshot_recall"": true, ""tier_b_recall"": true, ""tier_b_snapshot_recall"": false}"
asym-sqrt_excess-price_heavy-clean_release-tau1400-g0.55,205,45,756,1.0,1.0,0.6481481481481481,1.0,0.9111111111111111,0.6018518518518519,0.424390243902439,0.6444444444444445,1.0,0.0,250.0,0.0,0.0,2250.0,5887.499999999995,250,0,33,217,0,0.06102767373359031,0.07508955340801458,9809,35105,0.7205811138014528,0.2995170739416799,0.19452449145322198,9,9,True,"{""ab_weighted_recall"": true, ""false_fast"": true, ""oversampling"": true, ""reaction"": true, ""reduction"": true, ""tier_a_recall"": true, ""tier_a_snapshot_recall"": true, ""tier_b_recall"": true, ""tier_b_snapshot_recall"": true}"
asym-sqrt_excess-price_heavy-responsive-tau1000-g0.75,205,45,756,1.0,1.0,0.8425925925925926,1.0,0.8666666666666667,0.753968253968254,0.424390243902439,0.7555555555555555,1.0,0.0,0.0,0.0,0.0,2500.0,7750.0,250,0,40,210,0,0.08517400632750281,0.09966599961543665,11813,35105,0.6634952285999145,0.20502856426608482,0.18839794778993962,7,9,False,"{""ab_weighted_recall"": true, ""false_fast"": true, ""oversampling"": false, ""reaction"": true, ""reduction"": true, ""tier_a_recall"": true, ""tier_a_snapshot_recall"": true, ""tier_b_recall"": true, ""tier_b_snapshot_recall"": false}"
asym-log_excess-price_heavy-balanced-tau700-g1.2,205,45,756,1.0,1.0,0.6812169312169312,1.0,0.8888888888888888,0.6097883597883598,0.3902439024390244,0.6222222222222222,1.0,0.0,250.0,0.0,0.0,1750.0,4137.499999999995,250,0,21,229,0,0.04524528164660533,0.058660152828320954,10051,35105,0.7136875089018658,0.26547921846908157,0.1983917135098812,8,9,False,"{""ab_weighted_recall"": true, ""false_fast"": true, ""oversampling"": true, ""reaction"": true, ""reduction"": true, ""tier_a_recall"": true, ""tier_a_snapshot_recall"": true, ""tier_b_recall"": true, ""tier_b_snapshot_recall"": false}"
asym-log_excess-confluence-responsive-tau1400-g0.95,205,45,756,1.0,1.0,0.843915343915344,1.0,0.9111111111111111,0.7764550264550265,0.44390243902439025,0.8444444444444444,1.0,0.0,0.0,0.0,0.0,3250.0,14637.499999999996,250,0,59,188,3,0.14224517255172917,0.15641045727430047,13380,35105,0.618857712576556,0.16817753753886308,0.17273547272485024,8,9,False,"{""ab_weighted_recall"": true, ""false_fast"": true, ""oversampling"": false, ""reaction"": true, ""reduction"": true, ""tier_a_recall"": true, ""tier_a_snapshot_recall"": true, ""tier_b_recall"": true, ""tier_b_snapshot_recall"": true}"
asym-sqrt_excess-balanced-fidelity-tau1400-g0.75,205,45,756,1.0,1.0,0.9047619047619048,1.0,0.9333333333333333,0.8068783068783069,0.4878048780487805,0.8666666666666667,1.0,0.0,0.0,0.0,0.0,3250.0,16687.499999999978,250,0,60,187,3,0.1605512927742827,0.17452766363526304,13836,35105,0.6058681099558467,0.1617334163480974,0.1711099973615022,8,9,False,"{""ab_weighted_recall"": true, ""false_fast"": true, ""oversampling"": false, ""reaction"": true, ""reduction"": true, ""tier_a_recall"": true, ""tier_a_snapshot_recall"": true, ""tier_b_recall"": true, ""tier_b_snapshot_recall"": true}"
asym-log_excess-balanced-balanced-tau700-g1.2,205,45,756,1.0,1.0,0.7367724867724867,0.9951219512195122,0.8888888888888888,0.6415343915343915,0.3951219512195122,0.6444444444444445,1.0,0.0,0.0,0.0,0.0,1750.0,5250.0,250,0,26,224,0,0.049507254809265794,0.0631894544185616,10804,35105,0.6922375729952999,0.2388159138079324,0.19408602120764365,8,9,False,"{""ab_weighted_recall"": true, ""false_fast"": true, ""oversampling"": true, ""reaction"": true, ""reduction"": true, ""tier_a_recall"": true, ""tier_a_snapshot_recall"": true, ""tier_b_recall"": true, ""tier_b_snapshot_recall"": false}"
asym-log_excess-balanced-fidelity-tau2600-g0.55,205,45,756,1.0,1.0,0.7791005291005291,1.0,0.8888888888888888,0.7142857142857143,0.4,0.8,1.0,0.0,0.0,0.0,0.0,4375.0,20987.49999999996,250,0,67,178,5,0.13080475653660134,0.14511568947222242,12705,35105,0.638085742771685,0.20938617370163817,0.1774874624413251,7,9,False,"{""ab_weighted_recall"": true, ""false_fast"": true, ""oversampling"": false, ""reaction"": true, ""reduction"": true, ""tier_a_recall"": true, ""tier_a_snapshot_recall"": true, ""tier_b_recall"": true, ""tier_b_snapshot_recall"": false}"
asym-sqrt_excess-balanced-fidelity-tau1400-g0.95,205,45,756,1.0,1.0,0.9298941798941799,1.0,1.0,0.832010582010582,0.5219512195121951,0.9333333333333333,1.0,0.0,0.0,0.0,0.0,3750.0,20849.999999999967,250,0,63,182,5,0.2052583730317466,0.21872396185701365,15319,35105,0.5636234154678821,0.1415746398740871,0.16283443478901183,7,9,False,"{""ab_weighted_recall"": true, ""false_fast"": false, ""oversampling"": false, ""reaction"": true, ""reduction"": true, ""tier_a_recall"": true, ""tier_a_snapshot_recall"": true, ""tier_b_recall"": true, ""tier_b_snapshot_recall"": true}"
asym-log_excess-confluence-balanced-tau1900-g0.55,205,45,756,1.0,1.0,0.6851851851851852,1.0,0.8888888888888888,0.6071428571428571,0.32682926829268294,0.6666666666666666,1.0,0.0,250.0,0.0,0.0,2750.0,8524.99999999999,250,0,45,205,0,0.07195898032655733,0.08634871349318825,11029,35105,0.6858282295969236,0.2634136367384811,0.19124557559795577,7,9,False,"{""ab_weighted_recall"": true, ""false_fast"": true, ""oversampling"": false, ""reaction"": true, ""reduction"": true, ""tier_a_recall"": true, ""tier_a_snapshot_recall"": true, ""tier_b_recall"": true, ""tier_b_snapshot_recall"": false}"
asym-log_excess-price_heavy-fidelity-tau2600-g0.95,205,45,756,1.0,1.0,0.8412698412698413,1.0,0.9111111111111111,0.7777777777777778,0.5463414634146342,0.8666666666666667,1.0,0.0,0.0,0.0,0.0,5375.0,25799.99999999998,250,0,70,171,9,0.1876140950580021,0.20139012526794808,13986,35105,0.6015952143569292,0.16968894873322923,0.1691430256492931,8,9,False,"{""ab_weighted_recall"": true, ""false_fast"": true, ""oversampling"": false, ""reaction"": true, ""reduction"": true, ""tier_a_recall"": true, ""tier_a_snapshot_recall"": true, ""tier_b_recall"": true, ""tier_b_snapshot_recall"": true}"
asym-log_excess-balanced-fidelity-tau2600-g1.2,205,45,756,1.0,1.0,0.9246031746031746,1.0,1.0,0.8452380952380952,0.6,0.9111111111111111,1.0,0.0,0.0,0.0,0.0,5750.0,30000.0,250,0,81,154,15,0.2781192043347031,0.2905732130267272,16654,35105,0.525594644637516,0.13594690170299478,0.15132731212352263,7,9,False,"{""ab_weighted_recall"": true, ""false_fast"": false, ""oversampling"": false, ""reaction"": true, ""reduction"": true, ""tier_a_recall"": true, ""tier_a_snapshot_recall"": true, ""tier_b_recall"": true, ""tier_b_snapshot_recall"": true}"
asym-log_excess-price_heavy-responsive-tau700-g0.55,205,45,756,1.0,1.0,0.4126984126984127,0.9902439024390244,0.6666666666666666,0.3531746031746032,0.23414634146341465,0.6666666666666666,1.0,0.0,250.0,0.0,0.0,1250.0,3137.499999999996,250,0,13,237,0,0.038946870795301645,0.052143940634814374,8823,35105,0.7486682808716707,0.3694433642702436,0.2014699027882157,8,9,False,"{""ab_weighted_recall"": true, ""false_fast"": true, ""oversampling"": true, ""reaction"": true, ""reduction"": true, ""tier_a_recall"": true, ""tier_a_snapshot_recall"": true, ""tier_b_recall"": true, ""tier_b_snapshot_recall"": false}"
asym-log_excess-balanced-fidelity-tau700-g0.55,205,45,756,1.0,1.0,0.5145502645502645,0.9853658536585366,0.5555555555555556,0.43253968253968256,0.2048780487804878,0.6888888888888889,1.0,0.0,250.0,0.0,0.0,1250.0,2774.9999999999914,250,0,13,237,0,0.03514309611258591,0.04795647312685605,9167,35105,0.7388691069648199,0.3456954808599858,0.2016461737459825,8,9,False,"{""ab_weighted_recall"": true, ""false_fast"": true, ""oversampling"": true, ""reaction"": true, ""reduction"": true, ""tier_a_recall"": true, ""tier_a_snapshot_recall"": true, ""tier_b_recall"": true, ""tier_b_snapshot_recall"": false}"
asym-sqrt_excess-confluence-fidelity-tau1400-g0.95,205,45,756,1.0,1.0,0.9338624338624338,1.0,1.0,0.8373015873015873,0.5219512195121951,0.9333333333333333,1.0,0.0,0.0,0.0,0.0,4000.0,21750.0,250,0,64,180,6,0.21525873668133386,0.2286442717865816,15699,35105,0.552798746617291,0.1375881561020682,0.16104766397318307,7,9,False,"{""ab_weighted_recall"": true, ""false_fast"": false, ""oversampling"": false, ""reaction"": true, ""reduction"": true, ""tier_a_recall"": true, ""tier_a_snapshot_recall"": true, ""tier_b_recall"": true, ""tier_b_snapshot_recall"": true}"
asym-log_excess-confluence-clean_release-tau2600-g0.55,205,45,756,1.0,1.0,0.6666666666666666,1.0,0.9111111111111111,0.6018518518518519,0.35609756097560974,0.6666666666666666,1.0,0.0,250.0,0.0,0.0,3000.0,11137.499999999996,250,0,52,197,1,0.08090476017309721,0.09529337197957541,11153,35105,0.6822959692351517,0.26849408215442655,0.19026891373894023,8,9,False,"{""ab_weighted_recall"": true, ""false_fast"": true, ""oversampling"": false, ""reaction"": true, ""reduction"": true, ""tier_a_recall"": true, ""tier_a_snapshot_recall"": true, ""tier_b_recall"": true, ""tier_b_snapshot_recall"": true}"
asym-log_excess-balanced-clean_release-tau700-g0.55,205,45,756,1.0,1.0,0.328042328042328,0.9902439024390244,0.7333333333333333,0.27116402116402116,0.14146341463414633,0.5333333333333333,1.0,0.0,0.0,0.0,0.0,875.0,2137.499999999996,250,0,8,242,0,0.02681552056438416,0.03799343393700283,8991,35105,0.743882637800883,0.3824273385340168,0.20089623484978972,8,9,False,"{""ab_weighted_recall"": true, ""false_fast"": true, ""oversampling"": true, ""reaction"": true, ""reduction"": true, ""tier_a_recall"": true, ""tier_a_snapshot_recall"": true, ""tier_b_recall"": true, ""tier_b_snapshot_recall"": false}"
asym-sqrt_excess-confluence-clean_release-tau2600-g1.2,205,45,756,1.0,1.0,0.9378306878306878,1.0,1.0,0.8690476190476191,0.6146341463414634,0.9333333333333333,1.0,0.0,0.0,0.0,0.0,4750.0,27274.999999999993,250,0,72,167,11,0.2530710207643914,0.26589706521197276,16677,35105,0.5249394673123486,0.13059864458912276,0.15260530536211814,7,9,False,"{""ab_weighted_recall"": true, ""false_fast"": false, ""oversampling"": false, ""reaction"": true, ""reduction"": true, ""tier_a_recall"": true, ""tier_a_snapshot_recall"": true, ""tier_b_recall"": true, ""tier_b_snapshot_recall"": true}"
asym-sqrt_excess-balanced-balanced-tau2600-g0.95,205,45,756,1.0,1.0,0.9431216931216931,1.0,1.0,0.8677248677248677,0.6048780487804878,0.9111111111111111,1.0,0.0,0.0,0.0,0.0,5375.0,27912.499999999985,250,0,75,163,12,0.2616095130732027,0.2743147294881747,16396,35105,0.5329440250676543,0.13450953480467912,0.15212086831634786,7,9,False,"{""ab_weighted_recall"": true, ""false_fast"": false, ""oversampling"": false, ""reaction"": true, ""reduction"": true, ""tier_a_recall"": true, ""tier_a_snapshot_recall"": true, ""tier_b_recall"": true, ""tier_b_snapshot_recall"": true}"
asym-log_excess-balanced-responsive-tau2600-g1.2,205,45,756,1.0,1.0,0.9404761904761905,1.0,1.0,0.8544973544973545,0.6,0.9333333333333333,1.0,0.0,0.0,0.0,0.0,6000.0,30000.0,250,0,83,148,19,0.30097821738972325,0.31311289782721713,17171,35105,0.5108673978065803,0.13281500597736587,0.14698131357944658,7,9,False,"{""ab_weighted_recall"": true, ""false_fast"": false, ""oversampling"": false, ""reaction"": true, ""reduction"": true, ""tier_a_recall"": true, ""tier_a_snapshot_recall"": true, ""tier_b_recall"": true, ""tier_b_snapshot_recall"": true}"
asym-sqrt_excess-confluence-responsive-tau1400-g0.55,205,45,756,1.0,1.0,0.876984126984127,1.0,0.8888888888888888,0.7962962962962963,0.4682926829268293,0.8444444444444444,1.0,0.0,0.0,0.0,0.0,3250.0,12024.99999999999,250,0,52,195,3,0.12845558020291648,0.1426943647227227,12706,35105,0.6380572568010254,0.18067983316410938,0.17951444788863177,7,9,False,"{""ab_weighted_recall"": true, ""false_fast"": true, ""oversampling"": false, ""reaction"": true, ""reduction"": true, ""tier_a_recall"": true, ""tier_a_snapshot_recall"": true, ""tier_b_recall"": true, ""tier_b_snapshot_recall"": false}"
asym-log_excess-balanced-clean_release-tau1400-g1.2,205,45,756,1.0,1.0,0.753968253968254,1.0,0.9555555555555556,0.7142857142857143,0.43414634146341463,0.7333333333333333,1.0,0.0,0.0,0.0,0.0,2500.0,9637.499999999996,250,0,48,200,2,0.0942797919924361,0.10856792884153854,11819,35105,0.6633243127759578,0.2009463491583684,0.18896771901234036,8,9,False,"{""ab_weighted_recall"": true, ""false_fast"": true, ""oversampling"": false, ""reaction"": true, ""reduction"": true, ""tier_a_recall"": true, ""tier_a_snapshot_recall"": true, ""tier_b_recall"": true, ""tier_b_snapshot_recall"": true}"
asym-log_excess-confluence-responsive-tau700-g0.75,205,45,756,1.0,1.0,0.701058201058201,0.9902439024390244,0.7555555555555555,0.6203703703703703,0.2634146341463415,0.6888888888888889,1.0,0.0,0.0,0.0,0.0,1500.0,3887.499999999996,250,0,20,230,0,0.04340521473508128,0.05692961778676675,10620,35105,0.6974789915966386,0.25422948737331014,0.19927872517818776,8,9,False,"{""ab_weighted_recall"": true, ""false_fast"": true, ""oversampling"": true, ""reaction"": true, ""reduction"": true, ""tier_a_recall"": true, ""tier_a_snapshot_recall"": true, ""tier_b_recall"": true, ""tier_b_snapshot_recall"": false}"
asym-sqrt_excess-balanced-clean_release-tau2600-g1.2,205,45,756,1.0,1.0,0.9312169312169312,1.0,1.0,0.8611111111111112,0.6097560975609756,0.9333333333333333,1.0,0.0,0.0,0.0,0.0,4750.0,27274.999999999993,250,0,71,168,11,0.24485254009236698,0.25779987038791047,16375,35105,0.5335422304515026,0.13359698182637353,0.1543175270005775,7,9,False,"{""ab_weighted_recall"": true, ""false_fast"": false, ""oversampling"": false, ""reaction"": true, ""reduction"": true, ""tier_a_recall"": true, ""tier_a_snapshot_recall"": true, ""tier_b_recall"": true, ""tier_b_snapshot_recall"": true}"
asym-sqrt_excess-balanced-responsive-tau1000-g0.55,205,45,756,1.0,1.0,0.8187830687830688,1.0,0.8666666666666667,0.7301587301587301,0.424390243902439,0.7333333333333333,1.0,0.0,0.0,0.0,0.0,2500.0,6500.0,250,0,39,211,0,0.07833739408705771,0.09282931796979041,11513,35105,0.6720410197977496,0.21748473566745952,0.19015462671624064,7,9,False,"{""ab_weighted_recall"": true, ""false_fast"": true, ""oversampling"": false, ""reaction"": true, ""reduction"": true, ""tier_a_recall"": true, ""tier_a_snapshot_recall"": true, ""tier_b_recall"": true, ""tier_b_snapshot_recall"": false}"
asym-log_excess-balanced-clean_release-tau1900-g0.95,205,45,756,1.0,1.0,0.7407407407407407,1.0,0.9777777777777777,0.716931216931217,0.3902439024390244,0.7111111111111111,1.0,0.0,0.0,0.0,0.0,2750.0,11387.499999999996,250,0,53,195,2,0.10059274882723009,0.11502004714461718,11934,35105,0.660048426150121,0.21372846087599587,0.18691664313779172,8,9,False,"{""ab_weighted_recall"": true, ""false_fast"": true, ""oversampling"": false, ""reaction"": true, ""reduction"": true, ""tier_a_recall"": true, ""tier_a_snapshot_recall"": true, ""tier_b_recall"": true, ""tier_b_snapshot_recall"": true}"
asym-log_excess-balanced-responsive-tau2600-g0.95,205,45,756,1.0,1.0,0.9126984126984127,1.0,0.9333333333333333,0.8240740740740741,0.551219512195122,0.8888888888888888,1.0,0.0,0.0,0.0,0.0,5750.0,29324.999999999975,250,0,79,158,13,0.24888177751918253,0.261795056224585,15706,35105,0.5525993448226748,0.1448369136960306,0.1554173232799311,7,9,False,"{""ab_weighted_recall"": true, ""false_fast"": false, ""oversampling"": false, ""reaction"": true, ""reduction"": true, ""tier_a_recall"": true, ""tier_a_snapshot_recall"": true, ""tier_b_recall"": true, ""tier_b_snapshot_recall"": true}"
asym-log_excess-balanced-fidelity-tau1000-g0.95,205,45,756,1.0,1.0,0.7817460317460317,1.0,0.8666666666666667,0.6706349206349206,0.3853658536585366,0.7777777777777778,1.0,0.0,0.0,0.0,0.0,2250.0,7024.999999999992,250,0,39,211,0,0.07533364849630896,0.08980978357629665,11712,35105,0.666372311636519,0.2100471504626709,0.18804142925911863,7,9,False,"{""ab_weighted_recall"": true, ""false_fast"": true, ""oversampling"": false, ""reaction"": true, ""reduction"": true, ""tier_a_recall"": true, ""tier_a_snapshot_recall"": true, ""tier_b_recall"": true, ""tier_b_snapshot_recall"": false}"
asym-log_excess-balanced-balanced-tau2600-g0.75,205,45,756,1.0,1.0,0.7870370370370371,1.0,0.9555555555555556,0.7341269841269841,0.424390243902439,0.8222222222222222,1.0,0.0,0.0,0.0,0.0,4500.0,19187.499999999978,250,0,64,181,5,0.14356158405760208,0.15774218588652533,13009,35105,0.6294260076912122,0.19420999485942253,0.17731422834865526,8,9,False,"{""ab_weighted_recall"": true, ""false_fast"": true, ""oversampling"": false, ""reaction"": true, ""reduction"": true, ""tier_a_recall"": true, ""tier_a_snapshot_recall"": true, ""tier_b_recall"": true, ""tier_b_snapshot_recall"": true}"
asym-sqrt_excess-confluence-balanced-tau1900-g0.95,205,45,756,1.0,1.0,0.9232804232804233,1.0,1.0,0.8412698412698413,0.551219512195122,0.9111111111111111,1.0,0.0,0.0,0.0,0.0,4250.0,23000.0,250,0,67,176,7,0.21543328848321758,0.22880806728434186,15398,35105,0.5613730237857855,0.13913097090760537,0.1608618218970312,7,9,False,"{""ab_weighted_recall"": true, ""false_fast"": false, ""oversampling"": false, ""reaction"": true, ""reduction"": true, ""tier_a_recall"": true, ""tier_a_snapshot_recall"": true, ""tier_b_recall"": true, ""tier_b_snapshot_recall"": true}"
asym-sqrt_excess-balanced-balanced-tau1900-g0.55,205,45,756,1.0,1.0,0.8042328042328042,1.0,0.9333333333333333,0.7671957671957672,0.4926829268292683,0.7555555555555555,1.0,0.0,0.0,0.0,0.0,3250.0,12937.499999999978,250,0,56,191,3,0.12045528928324667,0.134803694656706,12089,35105,0.6556331006979063,0.20476047873548517,0.1852094183861831,8,9,False,"{""ab_weighted_recall"": true, ""false_fast"": true, ""oversampling"": false, ""reaction"": true, ""reduction"": true, ""tier_a_recall"": true, ""tier_a_snapshot_recall"": true, ""tier_b_recall"": true, ""tier_b_snapshot_recall"": true}"
asym-sqrt_excess-price_heavy-fidelity-tau1000-g0.55,205,45,756,1.0,1.0,0.7380952380952381,1.0,0.8,0.6693121693121693,0.4195121951219512,0.7333333333333333,1.0,0.0,250.0,0.0,0.0,2250.0,5887.499999999995,250,0,32,218,0,0.06115858758500309,0.07536017205648808,10482,35105,0.7014100555476428,0.2581504693909258,0.19318732510815761,8,9,False,"{""ab_weighted_recall"": true, ""false_fast"": true, ""oversampling"": true, ""reaction"": true, ""reduction"": true, ""tier_a_recall"": true, ""tier_a_snapshot_recall"": true, ""tier_b_recall"": true, ""tier_b_snapshot_recall"": false}"
asym-sqrt_excess-price_heavy-balanced-tau1400-g1.2,205,45,756,1.0,1.0,0.8941798941798942,1.0,0.9333333333333333,0.8095238095238095,0.4878048780487805,0.8888888888888888,1.0,0.0,0.0,0.0,0.0,3000.0,14250.0,250,0,55,193,2,0.16044219789810538,0.17435674659412187,14056,35105,0.5996011964107677,0.1569840337186216,0.16970589447545648,8,9,False,"{""ab_weighted_recall"": true, ""false_fast"": true, ""oversampling"": false, ""reaction"": true, ""reduction"": true, ""tier_a_recall"": true, ""tier_a_snapshot_recall"": true, ""tier_b_recall"": true, ""tier_b_snapshot_recall"": true}"
asym-log_excess-confluence-fidelity-tau1400-g1.2,205,45,756,1.0,1.0,0.8703703703703703,1.0,0.9111111111111111,0.7936507936507936,0.4975609756097561,0.8888888888888888,1.0,0.0,0.0,0.0,0.0,3250.0,19049.99999999998,250,0,61,186,3,0.17410087639550528,0.18799450216850996,14294,35105,0.5928215353938185,0.15454274408467403,0.169362792728053,8,9,False,"{""ab_weighted_recall"": true, ""false_fast"": true, ""oversampling"": false, ""reaction"": true, ""reduction"": true, ""tier_a_recall"": true, ""tier_a_snapshot_recall"": true, ""tier_b_recall"": true, ""tier_b_snapshot_recall"": true}"
asym-sqrt_excess-price_heavy-fidelity-tau1900-g0.75,205,45,756,1.0,1.0,0.8862433862433863,1.0,0.9111111111111111,0.8108465608465608,0.5073170731707317,0.8666666666666667,1.0,0.0,0.0,0.0,0.0,4250.0,20849.999999999967,250,0,65,180,5,0.1670242554274701,0.18102251119862697,13576,35105,0.6132744623273039,0.1693533806741501,0.17127130685635322,8,9,False,"{""ab_weighted_recall"": true, ""false_fast"": true, ""oversampling"": false, ""reaction"": true, ""reduction"": true, ""tier_a_recall"": true, ""tier_a_snapshot_recall"": true, ""tier_b_recall"": true, ""tier_b_snapshot_recall"": true}"
asym-log_excess-balanced-fidelity-tau1000-g1.2,205,45,756,1.0,1.0,0.8187830687830688,1.0,0.8444444444444444,0.7433862433862434,0.43414634146341463,0.8222222222222222,1.0,0.0,0.0,0.0,0.0,2500.0,9637.499999999996,250,0,48,200,2,0.11284046692607004,0.12701272619802165,12840,35105,0.6342401367326591,0.17491801673600457,0.17720764250333038,7,9,False,"{""ab_weighted_recall"": true, ""false_fast"": true, ""oversampling"": false, ""reaction"": true, ""reduction"": true, ""tier_a_recall"": true, ""tier_a_snapshot_recall"": true, ""tier_b_recall"": true, ""tier_b_snapshot_recall"": false}"
asym-log_excess-price_heavy-responsive-tau1900-g0.95,205,45,756,1.0,1.0,0.828042328042328,1.0,0.8888888888888888,0.7566137566137566,0.4926829268292683,0.8222222222222222,1.0,0.0,0.0,0.0,0.0,4250.0,19049.99999999998,250,0,65,180,5,0.14895814393250664,0.16306910033542468,13097,35105,0.6269192422731804,0.18164339734548435,0.17443072176848823,7,9,False,"{""ab_weighted_recall"": true, ""false_fast"": true, ""oversampling"": false, ""reaction"": true, ""reduction"": true, ""tier_a_recall"": true, ""tier_a_snapshot_recall"": true, ""tier_b_recall"": true, ""tier_b_snapshot_recall"": false}"
asym-log_excess-price_heavy-clean_release-tau1400-g1.2,205,45,756,1.0,1.0,0.705026455026455,1.0,0.9111111111111111,0.66005291005291,0.43902439024390244,0.6888888888888889,1.0,0.0,0.0,0.0,0.0,2250.0,7637.499999999995,250,0,40,210,0,0.07249718171569876,0.08685434307323082,10900,35105,0.6895029198119926,0.23898086701689134,0.19227146757121538,8,9,False,"{""ab_weighted_recall"": true, ""false_fast"": true, ""oversampling"": false, ""reaction"": true, ""reduction"": true, ""tier_a_recall"": true, ""tier_a_snapshot_recall"": true, ""tier_b_recall"": true, ""tier_b_snapshot_recall"": true}"
asym-log_excess-balanced-balanced-tau1900-g1.2,205,45,756,1.0,1.0,0.8386243386243386,1.0,0.9111111111111111,0.798941798941799,0.5121951219512195,0.8666666666666667,1.0,0.0,0.0,0.0,0.0,4000.0,19187.499999999978,250,0,63,183,4,0.17190443288846868,0.18580818835057933,13928,35105,0.6032474006551773,0.160015221887905,0.17096448369136194,8,9,False,"{""ab_weighted_recall"": true, ""false_fast"": true, ""oversampling"": false, ""reaction"": true, ""reduction"": true, ""tier_a_recall"": true, ""tier_a_snapshot_recall"": true, ""tier_b_recall"": true, ""tier_b_snapshot_recall"": true}"
asym-log_excess-balanced-balanced-tau1400-g1.2,205,45,756,1.0,1.0,0.8002645502645502,1.0,0.8888888888888888,0.7579365079365079,0.4682926829268293,0.8222222222222222,1.0,0.0,0.0,0.0,0.0,2750.0,12024.99999999999,250,0,53,195,2,0.1263755045638023,0.14060775251212443,12867,35105,0.633471015524854,0.17531043492952483,0.17748950770133382,7,9,False,"{""ab_weighted_recall"": true, ""false_fast"": true, ""oversampling"": false, ""reaction"": true, ""reduction"": true, ""tier_a_recall"": true, ""tier_a_snapshot_recall"": true, ""tier_b_recall"": true, ""tier_b_snapshot_recall"": false}"
asym-log_excess-balanced-responsive-tau1400-g0.75,205,45,756,1.0,1.0,0.7857142857142857,1.0,0.8888888888888888,0.701058201058201,0.37073170731707317,0.7777777777777778,1.0,0.0,0.0,0.0,0.0,2875.0,10637.499999999996,250,0,49,200,1,0.09657805738390488,0.11106046902484706,12129,35105,0.6544936618715282,0.20400356729131597,0.18647860849867534,7,9,False,"{""ab_weighted_recall"": true, ""false_fast"": true, ""oversampling"": false, ""reaction"": true, ""reduction"": true, ""tier_a_recall"": true, ""tier_a_snapshot_recall"": true, ""tier_b_recall"": true, ""tier_b_snapshot_recall"": false}"
asym-sqrt_excess-balanced-fidelity-tau2600-g0.95,205,45,756,1.0,1.0,0.9616402116402116,1.0,1.0,0.8981481481481481,0.6390243902439025,0.9555555555555556,1.0,0.0,0.0,0.0,0.0,6250.0,30000.0,250,0,83,148,19,0.3217717007891196,0.3336300643075367,17966,35105,0.4882210511323173,0.12409984951969708,0.14340838261936853,7,9,False,"{""ab_weighted_recall"": true, ""false_fast"": false, ""oversampling"": false, ""reaction"": true, ""reduction"": true, ""tier_a_recall"": true, ""tier_a_snapshot_recall"": true, ""tier_b_recall"": true, ""tier_b_snapshot_recall"": true}"
asym-log_excess-confluence-responsive-tau1000-g1.2,205,45,756,1.0,1.0,0.8492063492063492,1.0,0.8666666666666667,0.7473544973544973,0.43902439024390244,0.8666666666666667,1.0,0.0,0.0,0.0,0.0,2750.0,11912.499999999987,250,0,48,200,2,0.13404851085494018,0.1480924946054309,13465,35105,0.6164364050705028,0.16550104896920514,0.17398912163165836,7,9,False,"{""ab_weighted_recall"": true, ""false_fast"": true, ""oversampling"": false, ""reaction"": true, ""reduction"": true, ""tier_a_recall"": true, ""tier_a_snapshot_recall"": true, ""tier_b_recall"": true, ""tier_b_snapshot_recall"": false}"
asym-sqrt_excess-balanced-responsive-tau1900-g0.55,205,45,756,1.0,1.0,0.8928571428571429,1.0,0.9111111111111111,0.8121693121693122,0.5024390243902439,0.8666666666666667,1.0,0.0,0.0,0.0,0.0,4500.0,19637.499999999996,250,0,66,179,5,0.168857049347249,0.18282426167399,13600,35105,0.612590799031477,0.16953645824708352,0.1709106143087431,8,9,False,"{""ab_weighted_recall"": true, ""false_fast"": true, ""oversampling"": false, ""reaction"": true, ""reduction"": true, ""tier_a_recall"": true, ""tier_a_snapshot_recall"": true, ""tier_b_recall"": true, ""tier_b_snapshot_recall"": true}"
asym-sqrt_excess-confluence-responsive-tau1900-g1.2,205,45,756,1.0,1.0,0.9603174603174603,1.0,1.0,0.9021164021164021,0.6536585365853659,0.9555555555555556,1.0,0.0,0.0,0.0,0.0,5500.0,30000.0,250,0,76,158,16,0.33697225353649224,0.3485568192338644,18822,35105,0.4638370602478279,0.11712008732314344,0.139647635168153,7,9,False,"{""ab_weighted_recall"": true, ""false_fast"": false, ""oversampling"": false, ""reaction"": true, ""reduction"": true, ""tier_a_recall"": true, ""tier_a_snapshot_recall"": true, ""tier_b_recall"": true, ""tier_b_snapshot_recall"": true}"
asym-log_excess-confluence-balanced-tau700-g0.75,205,45,756,1.0,1.0,0.5978835978835979,0.9902439024390244,0.7777777777777778,0.5092592592592593,0.22926829268292684,0.6,1.0,0.0,250.0,0.0,0.0,1250.0,3387.499999999996,250,0,15,235,0,0.03792865195098004,0.05096888597696893,9645,35105,0.7252528129896026,0.30424116570202253,0.2016741107566184,8,9,False,"{""ab_weighted_recall"": true, ""false_fast"": true, ""oversampling"": true, ""reaction"": true, ""reduction"": true, ""tier_a_recall"": true, ""tier_a_snapshot_recall"": true, ""tier_b_recall"": true, ""tier_b_snapshot_recall"": false}"
asym-sqrt_excess-balanced-clean_release-tau2600-g0.55,205,45,756,1.0,1.0,0.7804232804232805,1.0,0.9555555555555556,0.7671957671957672,0.5024390243902439,0.7555555555555555,1.0,0.0,0.0,0.0,0.0,3500.0,16799.99999999998,250,0,61,185,4,0.1270300738208662,0.1413483930237361,12029,35105,0.6573422589374733,0.20982649709810594,0.18447597527740303,8,9,False,"{""ab_weighted_recall"": true, ""false_fast"": true, ""oversampling"": false, ""reaction"": true, ""reduction"": true, ""tier_a_recall"": true, ""tier_a_snapshot_recall"": true, ""tier_b_recall"": true, ""tier_b_snapshot_recall"": true}"
asym-sqrt_excess-balanced-fidelity-tau700-g1.2,205,45,756,1.0,1.0,0.8981481481481481,1.0,0.9333333333333333,0.7883597883597884,0.424390243902439,0.9333333333333333,1.0,0.0,0.0,0.0,0.0,2250.0,10637.499999999996,250,0,46,202,2,0.14956180224735444,0.1629551556413306,14861,35105,0.5766699900299103,0.15236339014400296,0.1664787133057838,8,9,False,"{""ab_weighted_recall"": true, ""false_fast"": true, ""oversampling"": false, ""reaction"": true, ""reduction"": true, ""tier_a_recall"": true, ""tier_a_snapshot_recall"": true, ""tier_b_recall"": true, ""tier_b_snapshot_recall"": true}"
asym-sqrt_excess-confluence-clean_release-tau1000-g0.55,205,45,756,1.0,1.0,0.6984126984126984,1.0,0.8666666666666667,0.6203703703703703,0.4097560975609756,0.6222222222222222,1.0,0.0,250.0,0.0,0.0,2000.0,5387.499999999995,250,0,27,223,0,0.052576457325720936,0.06632293350614946,9978,35105,0.7157669847600057,0.28118633450091607,0.19583718987110627,8,9,False,"{""ab_weighted_recall"": true, ""false_fast"": true, ""oversampling"": true, ""reaction"": true, ""reduction"": true, ""tier_a_recall"": true, ""tier_a_snapshot_recall"": true, ""tier_b_recall"": true, ""tier_b_snapshot_recall"": false}"
asym-sqrt_excess-confluence-fidelity-tau1900-g0.55,205,45,756,1.0,1.0,0.8822751322751323,1.0,0.9333333333333333,0.8108465608465608,0.5073170731707317,0.8666666666666667,1.0,0.0,0.0,0.0,0.0,4250.0,19049.99999999998,250,0,64,181,5,0.16290046910796757,0.17694186684138186,13440,35105,0.617148554336989,0.1691977761719775,0.17188324503195582,8,9,False,"{""ab_weighted_recall"": true, ""false_fast"": true, ""oversampling"": false, ""reaction"": true, ""reduction"": true, ""tier_a_recall"": true, ""tier_a_snapshot_recall"": true, ""tier_b_recall"": true, ""tier_b_snapshot_recall"": true}"
asym-sqrt_excess-price_heavy-responsive-tau700-g0.95,205,45,756,1.0,1.0,0.873015873015873,1.0,0.8444444444444444,0.753968253968254,0.40487804878048783,0.7333333333333333,1.0,0.0,0.0,0.0,0.0,2000.0,6000.0,250,0,33,217,0,0.07326811884068511,0.08743118808708224,11954,35105,0.6594787067369321,0.20049613500004068,0.18715291127611716,8,9,False,"{""ab_weighted_recall"": true, ""false_fast"": true, ""oversampling"": true, ""reaction"": true, ""reduction"": true, ""tier_a_recall"": true, ""tier_a_snapshot_recall"": true, ""tier_b_recall"": true, ""tier_b_snapshot_recall"": false}"
asym-log_excess-price_heavy-balanced-tau1400-g0.95,205,45,756,1.0,1.0,0.7129629629629629,1.0,0.8888888888888888,0.6507936507936508,0.44878048780487806,0.6888888888888889,1.0,0.0,0.0,0.0,0.0,2500.0,7887.499999999995,250,0,42,208,0,0.0739881450234554,0.08847093342069093,10896,35105,0.6896168636946304,0.24616931376878204,0.19137705293381943,7,9,False,"{""ab_weighted_recall"": true, ""false_fast"": true, ""oversampling"": false, ""reaction"": true, ""reduction"": true, ""tier_a_recall"": true, ""tier_a_snapshot_recall"": true, ""tier_b_recall"": true, ""tier_b_snapshot_recall"": false}"
asym-sqrt_excess-confluence-fidelity-tau1900-g0.95,205,45,756,1.0,1.0,0.9523809523809523,1.0,1.0,0.8783068783068783,0.5853658536585366,0.9333333333333333,1.0,0.0,0.0,0.0,0.0,5000.0,27774.999999999993,250,0,72,166,12,0.2690788755954762,0.2816570407138635,16841,35105,0.5202677681241988,0.12820407134810277,0.14989682616828556,7,9,False,"{""ab_weighted_recall"": true, ""false_fast"": false, ""oversampling"": false, ""reaction"": true, ""reduction"": true, ""tier_a_recall"": true, ""tier_a_snapshot_recall"": true, ""tier_b_recall"": true, ""tier_b_snapshot_recall"": true}"
asym-sqrt_excess-balanced-responsive-tau1400-g1.2,205,45,756,1.0,1.0,0.9497354497354498,1.0,1.0,0.873015873015873,0.5756097560975609,0.9555555555555556,1.0,0.0,0.0,0.0,0.0,4500.0,25662.499999999985,250,0,68,172,10,0.2700970944397978,0.28268254296071044,17347,35105,0.505853866970517,0.12486413213553427,0.1507462248875647,7,9,False,"{""ab_weighted_recall"": true, ""false_fast"": false, ""oversampling"": false, ""reaction"": true, ""reduction"": true, ""tier_a_recall"": true, ""tier_a_snapshot_recall"": true, ""tier_b_recall"": true, ""tier_b_snapshot_recall"": true}"
asym-log_excess-confluence-balanced-tau2600-g0.75,205,45,756,1.0,1.0,0.7976190476190477,1.0,0.9111111111111111,0.7367724867724867,0.4292682926829268,0.8444444444444444,1.0,0.0,0.0,0.0,0.0,4500.0,19324.999999999975,250,0,64,181,5,0.14769264336884977,0.16183707333053218,13142,35105,0.6256373735935052,0.1890204951547734,0.17756183834699898,8,9,False,"{""ab_weighted_recall"": true, ""false_fast"": true, ""oversampling"": false, ""reaction"": true, ""reduction"": true, ""tier_a_recall"": true, ""tier_a_snapshot_recall"": true, ""tier_b_recall"": true, ""tier_b_snapshot_recall"": true}"
asym-log_excess-confluence-clean_release-tau2600-g0.75,205,45,756,1.0,1.0,0.7447089947089947,1.0,0.9333333333333333,0.7208994708994709,0.40487804878048783,0.7555555555555555,1.0,0.0,250.0,0.0,0.0,3500.0,15574.999999999975,250,0,60,187,3,0.11339321429870178,0.12781033905668038,12106,35105,0.6551488391966956,0.21835314939616748,0.1832959111935203,8,9,False,"{""ab_weighted_recall"": true, ""false_fast"": true, ""oversampling"": false, ""reaction"": true, ""reduction"": true, ""tier_a_recall"": true, ""tier_a_snapshot_recall"": true, ""tier_b_recall"": true, ""tier_b_snapshot_recall"": true}"
asym-sqrt_excess-price_heavy-balanced-tau1000-g1.2,205,45,756,1.0,1.0,0.8743386243386243,1.0,0.8888888888888888,0.7751322751322751,0.43414634146341463,0.8444444444444444,1.0,0.0,0.0,0.0,0.0,2500.0,9637.499999999996,250,0,45,203,2,0.11419324339066875,0.12819490239924797,12934,35105,0.6315624554906709,0.1741897677612264,0.1779703446849633,7,9,False,"{""ab_weighted_recall"": true, ""false_fast"": true, ""oversampling"": false, ""reaction"": true, ""reduction"": true, ""tier_a_recall"": true, ""tier_a_snapshot_recall"": true, ""tier_b_recall"": true, ""tier_b_snapshot_recall"": false}"
asym-sqrt_excess-confluence-clean_release-tau1400-g0.75,205,45,756,1.0,1.0,0.7896825396825397,1.0,0.9333333333333333,0.7605820105820106,0.44878048780487806,0.7111111111111111,1.0,0.0,0.0,0.0,0.0,2500.0,9524.99999999999,250,0,45,203,2,0.09696352594639805,0.11117441371894117,11859,35105,0.6621848739495798,0.20078272353806204,0.18771628664986298,8,9,False,"{""ab_weighted_recall"": true, ""false_fast"": true, ""oversampling"": false, ""reaction"": true, ""reduction"": true, ""tier_a_recall"": true, ""tier_a_snapshot_recall"": true, ""tier_b_recall"": true, ""tier_b_snapshot_recall"": true}"
asym-sqrt_excess-confluence-balanced-tau1900-g1.2,205,45,756,1.0,1.0,0.9431216931216931,1.0,1.0,0.8677248677248677,0.5951219512195122,0.9333333333333333,1.0,0.0,0.0,0.0,0.0,4750.0,27137.499999999996,250,0,70,171,9,0.2612531364776901,0.27394440923236885,17065,35105,0.513886910696482,0.12752290119263837,0.15045304889760894,7,9,False,"{""ab_weighted_recall"": true, ""false_fast"": false, ""oversampling"": false, ""reaction"": true, ""reduction"": true, ""tier_a_recall"": true, ""tier_a_snapshot_recall"": true, ""tier_b_recall"": true, ""tier_b_snapshot_recall"": true}"
asym-sqrt_excess-price_heavy-balanced-tau1900-g1.2,205,45,756,1.0,1.0,0.917989417989418,1.0,0.9777777777777777,0.8359788359788359,0.526829268292683,0.9111111111111111,1.0,0.0,0.0,0.0,0.0,4250.0,20962.49999999997,250,0,65,178,7,0.2063929597439907,0.21988477342809734,15064,35105,0.5708873379860419,0.1440948129712755,0.16220539981131593,7,9,False,"{""ab_weighted_recall"": true, ""false_fast"": false, ""oversampling"": false, ""reaction"": true, ""reduction"": true, ""tier_a_recall"": true, ""tier_a_snapshot_recall"": true, ""tier_b_recall"": true, ""tier_b_snapshot_recall"": true}"
asym-sqrt_excess-balanced-fidelity-tau2600-g1.2,205,45,756,1.0,1.0,0.9656084656084656,1.0,1.0,0.9113756613756614,0.697560975609756,0.9555555555555556,1.0,0.0,0.0,0.0,0.0,6500.0,30000.0,250,0,85,140,25,0.37247172624459074,0.3836304203847058,19606,35105,0.4415040592508189,0.11320716555025268,0.13241019186004396,7,9,False,"{""ab_weighted_recall"": true, ""false_fast"": false, ""oversampling"": false, ""reaction"": true, ""reduction"": true, ""tier_a_recall"": true, ""tier_a_snapshot_recall"": true, ""tier_b_recall"": true, ""tier_b_snapshot_recall"": true}"
asym-log_excess-confluence-fidelity-tau1000-g0.55,205,45,756,1.0,1.0,0.6415343915343915,0.9951219512195122,0.7333333333333333,0.5568783068783069,0.24390243902439024,0.7111111111111111,1.0,0.0,250.0,0.0,0.0,1750.0,4500.0,250,0,25,225,0,0.045078002836466784,0.05880258369593858,10154,35105,0.7107534539239424,0.2885739794568302,0.1992879771115232,8,9,False,"{""ab_weighted_recall"": true, ""false_fast"": true, ""oversampling"": true, ""reaction"": true, ""reduction"": true, ""tier_a_recall"": true, ""tier_a_snapshot_recall"": true, ""tier_b_recall"": true, ""tier_b_snapshot_recall"": false}"
asym-log_excess-balanced-balanced-tau1400-g0.75,205,45,756,1.0,1.0,0.708994708994709,1.0,0.9111111111111111,0.6455026455026455,0.34146341463414637,0.6888888888888889,1.0,0.0,187.5,0.0,0.0,2500.0,7137.499999999995,250,0,40,210,0,0.06942070620749845,0.08391314565692677,11085,35105,0.6842330152399942,0.24593480417723063,0.19127300386768983,8,9,False,"{""ab_weighted_recall"": true, ""false_fast"": true, ""oversampling"": false, ""reaction"": true, ""reduction"": true, ""tier_a_recall"": true, ""tier_a_snapshot_recall"": true, ""tier_b_recall"": true, ""tier_b_snapshot_recall"": true}"
asym-log_excess-balanced-clean_release-tau1400-g0.95,205,45,756,1.0,1.0,0.701058201058201,1.0,0.9111111111111111,0.6626984126984127,0.35121951219512193,0.6888888888888889,1.0,0.0,250.0,0.0,0.0,2250.0,7637.499999999995,250,0,40,210,0,0.07112258627586458,0.08550124983086334,11127,35105,0.6830366044722974,0.23765128091331444,0.1920139118382115,8,9,False,"{""ab_weighted_recall"": true, ""false_fast"": true, ""oversampling"": false, ""reaction"": true, ""reduction"": true, ""tier_a_recall"": true, ""tier_a_snapshot_recall"": true, ""tier_b_recall"": true, ""tier_b_snapshot_recall"": true}"
asym-log_excess-confluence-fidelity-tau2600-g1.2,205,45,756,1.0,1.0,0.9285714285714286,1.0,1.0,0.8478835978835979,0.6048780487804878,0.9333333333333333,1.0,0.0,0.0,0.0,0.0,5750.0,30000.0,250,0,82,152,16,0.28725408196661695,0.29957484386016137,16903,35105,0.5185016379433129,0.13403873050657616,0.1503858882782897,7,9,False,"{""ab_weighted_recall"": true, ""false_fast"": false, ""oversampling"": false, ""reaction"": true, ""reduction"": true, ""tier_a_recall"": true, ""tier_a_snapshot_recall"": true, ""tier_b_recall"": true, ""tier_b_snapshot_recall"": true}"
asym-log_excess-price_heavy-fidelity-tau700-g1.2,205,45,756,1.0,1.0,0.7394179894179894,1.0,0.8222222222222222,0.6322751322751323,0.4,0.7111111111111111,1.0,0.0,0.0,0.0,0.0,1750.0,4750.0,250,0,23,227,0,0.05048910869486163,0.06433602290288351,10777,35105,0.693006694203105,0.24231860151070114,0.19386478852972122,8,9,False,"{""ab_weighted_recall"": true, ""false_fast"": true, ""oversampling"": true, ""reaction"": true, ""reduction"": true, ""tier_a_recall"": true, ""tier_a_snapshot_recall"": true, ""tier_b_recall"": true, ""tier_b_snapshot_recall"": false}"
asym-sqrt_excess-confluence-balanced-tau1000-g0.75,205,45,756,1.0,1.0,0.8187830687830688,1.0,0.9111111111111111,0.7619047619047619,0.4292682926829268,0.7111111111111111,1.0,0.0,0.0,0.0,0.0,2250.0,7137.499999999995,250,0,40,210,0,0.08737772282628459,0.10163866713194084,11907,35105,0.6608175473579262,0.19910433837491787,0.18850174872048447,8,9,False,"{""ab_weighted_recall"": true, ""false_fast"": true, ""oversampling"": false, ""reaction"": true, ""reduction"": true, ""tier_a_recall"": true, ""tier_a_snapshot_recall"": true, ""tier_b_recall"": true, ""tier_b_snapshot_recall"": true}"
asym-sqrt_excess-confluence-clean_release-tau1400-g0.55,205,45,756,1.0,1.0,0.7222222222222222,1.0,0.9111111111111111,0.6812169312169312,0.43414634146341463,0.7111111111111111,1.0,0.0,250.0,0.0,0.0,2250.0,6500.0,250,0,39,211,0,0.06963889595985309,0.08398436109073558,10608,35105,0.6978208232445521,0.2518122759607664,0.19297163308089205,8,9,False,"{""ab_weighted_recall"": true, ""false_fast"": true, ""oversampling"": false, ""reaction"": true, ""reduction"": true, ""tier_a_recall"": true, ""tier_a_snapshot_recall"": true, ""tier_b_recall"": true, ""tier_b_snapshot_recall"": true}"
asym-log_excess-price_heavy-balanced-tau1400-g1.2,205,45,756,1.0,1.0,0.7579365079365079,1.0,0.9555555555555556,0.7103174603174603,0.44878048780487806,0.7111111111111111,1.0,0.0,0.0,0.0,0.0,2750.0,9887.499999999996,250,0,48,200,2,0.09455616567875195,0.10900946453115319,11692,35105,0.6669420310497081,0.20844209183148388,0.18911724533917554,8,9,False,"{""ab_weighted_recall"": true, ""false_fast"": true, ""oversampling"": false, ""reaction"": true, ""reduction"": true, ""tier_a_recall"": true, ""tier_a_snapshot_recall"": true, ""tier_b_recall"": true, ""tier_b_snapshot_recall"": true}"
asym-sqrt_excess-confluence-balanced-tau2600-g0.95,205,45,756,1.0,1.0,0.9470899470899471,1.0,1.0,0.873015873015873,0.6097560975609756,0.9333333333333333,1.0,0.0,0.0,0.0,0.0,5500.0,29212.49999999997,250,0,76,161,13,0.27112258627586455,0.2837151667509383,16703,35105,0.5241988320752029,0.1324991835029807,0.15030333887610908,7,9,False,"{""ab_weighted_recall"": true, ""false_fast"": false, ""oversampling"": false, ""reaction"": true, ""reduction"": true, ""tier_a_recall"": true, ""tier_a_snapshot_recall"": true, ""tier_b_recall"": true, ""tier_b_snapshot_recall"": true}"
asym-sqrt_excess-price_heavy-clean_release-tau1900-g0.55,205,45,756,1.0,1.0,0.6984126984126984,1.0,0.8888888888888888,0.6521164021164021,0.4634146341463415,0.6888888888888889,1.0,0.0,250.0,0.0,0.0,2750.0,8274.99999999999,250,0,45,205,0,0.07766100585475835,0.09211716363170226,10426,35105,0.703005269904572,0.27489808410270566,0.19241838602999642,7,9,False,"{""ab_weighted_recall"": true, ""false_fast"": true, ""oversampling"": false, ""reaction"": true, ""reduction"": true, ""tier_a_recall"": true, ""tier_a_snapshot_recall"": true, ""tier_b_recall"": true, ""tier_b_snapshot_recall"": false}"
asym-log_excess-confluence-fidelity-tau2600-g0.75,205,45,756,1.0,1.0,0.8452380952380952,1.0,0.8888888888888888,0.7936507936507936,0.4585365853658537,0.8666666666666667,1.0,0.0,0.0,0.0,0.0,5250.0,27387.499999999996,250,0,71,169,10,0.18725771846248954,0.20104116964228488,14273,35105,0.593419740777667,0.16624976511515194,0.16672067732329443,7,9,False,"{""ab_weighted_recall"": true, ""false_fast"": true, ""oversampling"": false, ""reaction"": true, ""reduction"": true, ""tier_a_recall"": true, ""tier_a_snapshot_recall"": true, ""tier_b_recall"": true, ""tier_b_snapshot_recall"": false}"
asym-sqrt_excess-balanced-balanced-tau2600-g0.55,205,45,756,1.0,1.0,0.8425925925925926,1.0,0.9111111111111111,0.7936507936507936,0.526829268292683,0.8444444444444444,1.0,0.0,0.0,0.0,0.0,4750.0,21099.999999999967,250,0,65,178,7,0.16467507909378523,0.17867240188293607,13256,35105,0.6223899729383279,0.18186333626608997,0.17421950713068535,8,9,False,"{""ab_weighted_recall"": true, ""false_fast"": true, ""oversampling"": false, ""reaction"": true, ""reduction"": true, ""tier_a_recall"": true, ""tier_a_snapshot_recall"": true, ""tier_b_recall"": true, ""tier_b_snapshot_recall"": true}"
asym-log_excess-balanced-fidelity-tau1000-g0.55,205,45,756,1.0,1.0,0.6283068783068783,0.9951219512195122,0.7333333333333333,0.5423280423280423,0.24878048780487805,0.7111111111111111,1.0,0.0,250.0,0.0,0.0,1750.0,4387.499999999995,250,0,25,225,0,0.04604531073857231,0.05981384285602376,10017,35105,0.7146560319042872,0.2930258228940129,0.19786107795084318,8,9,False,"{""ab_weighted_recall"": true, ""false_fast"": true, ""oversampling"": true, ""reaction"": true, ""reduction"": true, ""tier_a_recall"": true, ""tier_a_snapshot_recall"": true, ""tier_b_recall"": true, ""tier_b_snapshot_recall"": false}"
asym-sqrt_excess-confluence-responsive-tau1000-g0.95,205,45,756,1.0,1.0,0.9206349206349206,1.0,0.9555555555555556,0.8108465608465608,0.4682926829268293,0.9333333333333333,1.0,0.0,0.0,0.0,0.0,2750.0,14500.0,250,0,55,193,2,0.17639914178697408,0.19008111437910824,14881,35105,0.5761002706167213,0.15001712852887794,0.16640320082673962,8,9,False,"{""ab_weighted_recall"": true, ""false_fast"": true, ""oversampling"": false, ""reaction"": true, ""reduction"": true, ""tier_a_recall"": true, ""tier_a_snapshot_recall"": true, ""tier_b_recall"": true, ""tier_b_snapshot_recall"": true}"
asym-sqrt_excess-balanced-clean_release-tau700-g0.75,205,45,756,1.0,1.0,0.7354497354497355,0.9853658536585366,0.8666666666666667,0.6296296296296297,0.3853658536585366,0.6444444444444445,1.0,0.0,0.0,0.0,0.0,1500.0,4250.0,250,0,21,229,0,0.04445979853812866,0.05778420299247253,9955,35105,0.7164221620851731,0.26978914076597543,0.19958133345782472,8,9,False,"{""ab_weighted_recall"": true, ""false_fast"": true, ""oversampling"": true, ""reaction"": true, ""reduction"": true, ""tier_a_recall"": true, ""tier_a_snapshot_recall"": true, ""tier_b_recall"": true, ""tier_b_snapshot_recall"": false}"
asym-log_excess-confluence-fidelity-tau700-g1.2,205,45,756,1.0,1.0,0.7817460317460317,1.0,0.8222222222222222,0.6878306878306878,0.4,0.7555555555555555,1.0,0.0,0.0,0.0,0.0,2000.0,6137.499999999995,250,0,33,217,0,0.06816247863558675,0.0822467045058005,11812,35105,0.663523714570574,0.20398126624096247,0.18591626901604644,7,9,False,"{""ab_weighted_recall"": true, ""false_fast"": true, ""oversampling"": false, ""reaction"": true, ""reduction"": true, ""tier_a_recall"": true, ""tier_a_snapshot_recall"": true, ""tier_b_recall"": true, ""tier_b_snapshot_recall"": false}"
asym-log_excess-confluence-balanced-tau1000-g0.55,205,45,756,1.0,1.0,0.5423280423280423,0.9951219512195122,0.8,0.4444444444444444,0.2146341463414634,0.6,1.0,0.0,250.0,0.0,0.0,1500.0,3887.499999999996,250,0,19,231,0,0.03893959780355649,0.05215818372157614,9651,35105,0.7250818971656459,0.33109459415762765,0.20013772443752212,8,9,False,"{""ab_weighted_recall"": true, ""false_fast"": true, ""oversampling"": true, ""reaction"": true, ""reduction"": true, ""tier_a_recall"": true, ""tier_a_snapshot_recall"": true, ""tier_b_recall"": true, ""tier_b_snapshot_recall"": false}"
asym-log_excess-price_heavy-clean_release-tau1900-g1.2,205,45,756,1.0,1.0,0.7407407407407407,1.0,0.9333333333333333,0.7208994708994709,0.47804878048780486,0.7111111111111111,1.0,0.0,0.0,0.0,0.0,2750.0,11387.499999999996,250,0,53,195,2,0.10284010327648278,0.11724909022283309,11693,35105,0.6669135450790485,0.21476898266228858,0.18876604370077874,8,9,False,"{""ab_weighted_recall"": true, ""false_fast"": true, ""oversampling"": false, ""reaction"": true, ""reduction"": true, ""tier_a_recall"": true, ""tier_a_snapshot_recall"": true, ""tier_b_recall"": true, ""tier_b_snapshot_recall"": true}"
asym-sqrt_excess-confluence-balanced-tau700-g0.95,205,45,756,1.0,1.0,0.8544973544973545,1.0,0.8888888888888888,0.7751322751322751,0.4,0.6888888888888889,1.0,0.0,0.0,0.0,0.0,2000.0,6500.0,250,0,31,219,0,0.07842466998799956,0.09217413597874931,12233,35105,0.6515311209229455,0.18946433245552727,0.1851512863094986,7,9,False,"{""ab_weighted_recall"": true, ""false_fast"": true, ""oversampling"": false, ""reaction"": true, ""reduction"": true, ""tier_a_recall"": true, ""tier_a_snapshot_recall"": true, ""tier_b_recall"": true, ""tier_b_snapshot_recall"": false}"
asym-sqrt_excess-balanced-responsive-tau700-g0.55,205,45,756,1.0,1.0,0.783068783068783,1.0,0.8444444444444444,0.6759259259259259,0.40487804878048783,0.6888888888888889,1.0,0.0,0.0,0.0,0.0,1750.0,5137.499999999995,250,0,23,227,0,0.05254736535874032,0.06656506598109943,10750,35105,0.6937758154109102,0.2400836303840679,0.1946476024162492,8,9,False,"{""ab_weighted_recall"": true, ""false_fast"": true, ""oversampling"": true, ""reaction"": true, ""reduction"": true, ""tier_a_recall"": true, ""tier_a_snapshot_recall"": true, ""tier_b_recall"": true, ""tier_b_snapshot_recall"": false}"
asym-log_excess-confluence-clean_release-tau700-g1.2,205,45,756,1.0,1.0,0.6970899470899471,0.9853658536585366,0.8888888888888888,0.6111111111111112,0.36097560975609755,0.6222222222222222,1.0,0.0,49.99999999998295,0.0,0.0,1500.0,4500.0,250,0,21,229,0,0.043863413215026,0.05718599334847848,10340,35105,0.7054550633812847,0.2524274081536669,0.20005218283572196,8,9,False,"{""ab_weighted_recall"": true, ""false_fast"": true, ""oversampling"": true, ""reaction"": true, ""reduction"": true, ""tier_a_recall"": true, ""tier_a_snapshot_recall"": true, ""tier_b_recall"": true, ""tier_b_snapshot_recall"": false}"
asym-log_excess-confluence-fidelity-tau1900-g0.55,205,45,756,1.0,1.0,0.7526455026455027,1.0,0.8666666666666667,0.6547619047619048,0.33170731707317075,0.7777777777777778,1.0,0.0,0.0,0.0,0.0,3000.0,11387.499999999996,250,0,51,197,2,0.09066511509509437,0.10516383110547718,11754,35105,0.6651759008688221,0.230109973376301,0.18676008993379564,7,9,False,"{""ab_weighted_recall"": true, ""false_fast"": true, ""oversampling"": false, ""reaction"": true, ""reduction"": true, ""tier_a_recall"": true, ""tier_a_snapshot_recall"": true, ""tier_b_recall"": true, ""tier_b_snapshot_recall"": false}"
asym-sqrt_excess-confluence-responsive-tau1400-g1.2,205,45,756,1.0,1.0,0.951058201058201,1.0,1.0,0.8835978835978836,0.5756097560975609,0.9555555555555556,1.0,0.0,0.0,0.0,0.0,4500.0,27000.0,250,0,70,169,11,0.2795228917415179,0.2919334278124755,17682,35105,0.49631106679960124,0.1214276137930438,0.14835878854081994,7,9,False,"{""ab_weighted_recall"": true, ""false_fast"": false, ""oversampling"": false, ""reaction"": true, ""reduction"": true, ""tier_a_recall"": true, ""tier_a_snapshot_recall"": true, ""tier_b_recall"": true, ""tier_b_snapshot_recall"": true}"
asym-sqrt_excess-balanced-fidelity-tau2600-g0.55,205,45,756,1.0,1.0,0.9034391534391535,1.0,0.9333333333333333,0.8201058201058201,0.5560975609756098,0.8888888888888888,1.0,0.0,0.0,0.0,0.0,5500.0,27274.999999999993,250,0,73,167,10,0.20816756972980835,0.2216722808166986,14515,35105,0.58652613587808,0.15812291895065647,0.16529378264411373,7,9,False,"{""ab_weighted_recall"": true, ""false_fast"": false, ""oversampling"": false, ""reaction"": true, ""reduction"": true, ""tier_a_recall"": true, ""tier_a_snapshot_recall"": true, ""tier_b_recall"": true, ""tier_b_snapshot_recall"": true}"
asym-sqrt_excess-confluence-fidelity-tau2600-g1.2,205,45,756,1.0,1.0,0.9656084656084656,1.0,1.0,0.9140211640211641,0.7121951219512195,0.9555555555555556,1.0,0.0,0.0,0.0,0.0,6500.0,30000.0,250,0,85,137,28,0.3822902651005491,0.39330147629594286,19916,35105,0.43267340834638945,0.11091724075164619,0.1306968365092298,7,9,False,"{""ab_weighted_recall"": true, ""false_fast"": false, ""oversampling"": false, ""reaction"": true, ""reduction"": true, ""tier_a_recall"": true, ""tier_a_snapshot_recall"": true, ""tier_b_recall"": true, ""tier_b_snapshot_recall"": true}"
asym-log_excess-confluence-responsive-tau2600-g0.95,205,45,756,1.0,1.0,0.921957671957672,1.0,0.9777777777777777,0.8253968253968254,0.5414634146341464,0.8888888888888888,1.0,0.0,0.0,0.0,0.0,5750.0,29324.999999999975,250,0,80,157,13,0.25710025819120697,0.2698708864185046,15971,35105,0.5450505625979205,0.14274971624988492,0.15414892074330608,7,9,False,"{""ab_weighted_recall"": true, ""false_fast"": false, ""oversampling"": false, ""reaction"": true, ""reduction"": true, ""tier_a_recall"": true, ""tier_a_snapshot_recall"": true, ""tier_b_recall"": true, ""tier_b_snapshot_recall"": true}"
asym-log_excess-balanced-fidelity-tau1900-g0.95,205,45,756,1.0,1.0,0.8518518518518519,1.0,0.9111111111111111,0.8002645502645502,0.4975609756097561,0.8666666666666667,1.0,0.0,0.0,0.0,0.0,4250.0,20849.999999999967,250,0,65,180,5,0.17132986654060148,0.18534528803082204,13869,35105,0.6049280729240849,0.16309118241442325,0.1694315610782926,8,9,False,"{""ab_weighted_recall"": true, ""false_fast"": true, ""oversampling"": false, ""reaction"": true, ""reduction"": true, ""tier_a_recall"": true, ""tier_a_snapshot_recall"": true, ""tier_b_recall"": true, ""tier_b_snapshot_recall"": true}"
asym-sqrt_excess-balanced-fidelity-tau1900-g0.75,205,45,756,1.0,1.0,0.9312169312169312,1.0,0.9333333333333333,0.8293650793650794,0.5170731707317073,0.9111111111111111,1.0,0.0,0.0,0.0,0.0,4625.0,24274.999999999993,250,0,66,175,9,0.21074948179933817,0.2242075502602924,14932,35105,0.5746474861130892,0.1478096430596931,0.16057170388106518,7,9,False,"{""ab_weighted_recall"": true, ""false_fast"": false, ""oversampling"": false, ""reaction"": true, ""reduction"": true, ""tier_a_recall"": true, ""tier_a_snapshot_recall"": true, ""tier_b_recall"": true, ""tier_b_snapshot_recall"": true}"
asym-log_excess-price_heavy-responsive-tau1400-g1.2,205,45,756,1.0,1.0,0.8373015873015873,1.0,0.8888888888888888,0.7671957671957672,0.4682926829268293,0.8444444444444444,1.0,0.0,0.0,0.0,0.0,3250.0,14637.499999999996,250,0,59,188,3,0.13937961380413832,0.15356183992194788,13138,35105,0.625751317476143,0.17220038142661503,0.17430667177639803,7,9,False,"{""ab_weighted_recall"": true, ""false_fast"": true, ""oversampling"": false, ""reaction"": true, ""reduction"": true, ""tier_a_recall"": true, ""tier_a_snapshot_recall"": true, ""tier_b_recall"": true, ""tier_b_snapshot_recall"": false}"
asym-log_excess-balanced-balanced-tau1400-g0.95,205,45,756,1.0,1.0,0.7579365079365079,1.0,0.9333333333333333,0.708994708994709,0.3804878048780488,0.7111111111111111,1.0,0.0,0.0,0.0,0.0,2750.0,9887.499999999996,250,0,48,200,2,0.09234517618822502,0.1067732999095564,11865,35105,0.6620139581256231,0.20968716906948842,0.18817778205914207,8,9,False,"{""ab_weighted_recall"": true, ""false_fast"": true, ""oversampling"": false, ""reaction"": true, ""reduction"": true, ""tier_a_recall"": true, ""tier_a_snapshot_recall"": true, ""tier_b_recall"": true, ""tier_b_snapshot_recall"": true}"
asym-log_excess-confluence-clean_release-tau700-g0.75,205,45,756,1.0,1.0,0.4973544973544973,0.9902439024390244,0.7111111111111111,0.421957671957672,0.22439024390243903,0.6,1.0,0.0,437.5,0.0,0.0,1250.0,2637.499999999996,250,0,13,237,0,0.03355758391214226,0.04609775030444598,9132,35105,0.7398661159379005,0.34970754268578996,0.2021519669487338,8,9,False,"{""ab_weighted_recall"": true, ""false_fast"": true, ""oversampling"": true, ""reaction"": true, ""reduction"": true, ""tier_a_recall"": true, ""tier_a_snapshot_recall"": true, ""tier_b_recall"": true, ""tier_b_snapshot_recall"": false}"
asym-log_excess-balanced-fidelity-tau2600-g0.75,205,45,756,1.0,1.0,0.8373015873015873,1.0,0.8888888888888888,0.7751322751322751,0.4585365853658537,0.8666666666666667,1.0,0.0,0.0,0.0,0.0,5250.0,25024.999999999993,250,0,70,171,9,0.18143932506636604,0.1952940841339135,14084,35105,0.5988035892323031,0.1682844022826127,0.16799813480022657,7,9,False,"{""ab_weighted_recall"": true, ""false_fast"": true, ""oversampling"": false, ""reaction"": true, ""reduction"": true, ""tier_a_recall"": true, ""tier_a_snapshot_recall"": true, ""tier_b_recall"": true, ""tier_b_snapshot_recall"": false}"
asym-sqrt_excess-confluence-fidelity-tau1400-g0.55,205,45,756,1.0,1.0,0.8492063492063492,1.0,0.9111111111111111,0.7804232804232805,0.4634146341463415,0.8222222222222222,1.0,0.0,0.0,0.0,0.0,2875.0,11637.499999999996,250,0,51,196,3,0.11655696570784392,0.13085835962369766,12377,35105,0.6474291411479847,0.1882424084118996,0.18414133050417852,8,9,False,"{""ab_weighted_recall"": true, ""false_fast"": true, ""oversampling"": false, ""reaction"": true, ""reduction"": true, ""tier_a_recall"": true, ""tier_a_snapshot_recall"": true, ""tier_b_recall"": true, ""tier_b_snapshot_recall"": true}"
asym-log_excess-balanced-clean_release-tau1000-g0.75,205,45,756,1.0,1.0,0.593915343915344,0.9951219512195122,0.8666666666666667,0.5343915343915344,0.25853658536585367,0.6222222222222222,1.0,0.0,250.0,0.0,0.0,1750.0,4500.0,250,0,24,226,0,0.04451070948034474,0.05799784929389897,9780,35105,0.7214072069505768,0.30611600201542094,0.19768050185876912,8,9,False,"{""ab_weighted_recall"": true, ""false_fast"": true, ""oversampling"": true, ""reaction"": true, ""reduction"": true, ""tier_a_recall"": true, ""tier_a_snapshot_recall"": true, ""tier_b_recall"": true, ""tier_b_snapshot_recall"": false}"
asym-sqrt_excess-price_heavy-responsive-tau700-g0.55,205,45,756,1.0,1.0,0.7261904761904762,1.0,0.8444444444444444,0.6388888888888888,0.4,0.6888888888888889,1.0,0.0,250.0,0.0,0.0,1750.0,4250.0,250,0,21,229,0,0.0494417978835594,0.06327491293913216,9957,35105,0.7163651901438541,0.2790363405984296,0.1992891254882935,8,9,False,"{""ab_weighted_recall"": true, ""false_fast"": true, ""oversampling"": true, ""reaction"": true, ""reduction"": true, ""tier_a_recall"": true, ""tier_a_snapshot_recall"": true, ""tier_b_recall"": true, ""tier_b_snapshot_recall"": false}"
asym-log_excess-confluence-clean_release-tau1000-g0.95,205,45,756,1.0,1.0,0.6812169312169312,1.0,0.8444444444444444,0.6150793650793651,0.3024390243902439,0.6222222222222222,1.0,0.0,250.0,0.0,0.0,1875.0,5387.499999999995,250,0,28,222,0,0.05081639332339358,0.06454966920430996,10513,35105,0.7005269904571998,0.25757129570071685,0.19782966369029187,8,9,False,"{""ab_weighted_recall"": true, ""false_fast"": true, ""oversampling"": true, ""reaction"": true, ""reduction"": true, ""tier_a_recall"": true, ""tier_a_snapshot_recall"": true, ""tier_b_recall"": true, ""tier_b_snapshot_recall"": false}"
asym-log_excess-balanced-balanced-tau2600-g0.95,205,45,756,1.0,1.0,0.8253968253968254,1.0,0.9111111111111111,0.8015873015873016,0.4878048780487805,0.8444444444444444,1.0,0.0,0.0,0.0,0.0,4750.0,24137.499999999996,250,0,67,177,6,0.18066111494963452,0.1944893497318739,14002,35105,0.601139438826378,0.1671495969427627,0.17049011819932253,8,9,False,"{""ab_weighted_recall"": true, ""false_fast"": true, ""oversampling"": false, ""reaction"": true, ""reduction"": true, ""tier_a_recall"": true, ""tier_a_snapshot_recall"": true, ""tier_b_recall"": true, ""tier_b_snapshot_recall"": true}"
asym-log_excess-balanced-clean_release-tau2600-g0.55,205,45,756,1.0,1.0,0.656084656084656,1.0,0.9111111111111111,0.593915343915344,0.35121951219512193,0.6666666666666666,1.0,0.0,250.0,0.0,0.0,3000.0,11000.0,250,0,51,198,1,0.08027200989126877,0.09468804079220049,11057,35105,0.6850306224184589,0.2751396086871211,0.19055636481601393,8,9,False,"{""ab_weighted_recall"": true, ""false_fast"": true, ""oversampling"": false, ""reaction"": true, ""reduction"": true, ""tier_a_recall"": true, ""tier_a_snapshot_recall"": true, ""tier_b_recall"": true, ""tier_b_snapshot_recall"": true}"
asym-sqrt_excess-balanced-fidelity-tau1000-g0.75,205,45,756,1.0,1.0,0.8783068783068783,1.0,0.8666666666666667,0.7843915343915344,0.43414634146341463,0.8222222222222222,1.0,0.0,0.0,0.0,0.0,2500.0,9887.499999999996,250,0,45,204,1,0.11020764391432415,0.12442760595076165,12723,35105,0.6375729952998148,0.1800113783318284,0.1794063453388448,7,9,False,"{""ab_weighted_recall"": true, ""false_fast"": true, ""oversampling"": false, ""reaction"": true, ""reduction"": true, ""tier_a_recall"": true, ""tier_a_snapshot_recall"": true, ""tier_b_recall"": true, ""tier_b_snapshot_recall"": false}"
asym-log_excess-price_heavy-balanced-tau1000-g0.95,205,45,756,1.0,1.0,0.6653439153439153,1.0,0.8666666666666667,0.5846560846560847,0.40487804878048783,0.6444444444444445,1.0,0.0,250.0,0.0,0.0,2000.0,5250.0,250,0,29,221,0,0.05516564238699589,0.06913594314159764,10103,35105,0.7122062384275745,0.2761943432641054,0.19555696688309357,8,9,False,"{""ab_weighted_recall"": true, ""false_fast"": true, ""oversampling"": true, ""reaction"": true, ""reduction"": true, ""tier_a_recall"": true, ""tier_a_snapshot_recall"": true, ""tier_b_recall"": true, ""tier_b_snapshot_recall"": false}"
asym-sqrt_excess-price_heavy-clean_release-tau700-g0.95,205,45,756,1.0,1.0,0.7314814814814815,0.9853658536585366,0.8666666666666667,0.6216931216931217,0.3853658536585366,0.6444444444444445,1.0,0.0,0.0,0.0,0.0,1500.0,4250.0,250,0,20,230,0,0.044205243827048255,0.05749934125723727,9949,35105,0.7165930779091297,0.26968006319336885,0.19989768067518718,8,9,False,"{""ab_weighted_recall"": true, ""false_fast"": true, ""oversampling"": true, ""reaction"": true, ""reduction"": true, ""tier_a_recall"": true, ""tier_a_snapshot_recall"": true, ""tier_b_recall"": true, ""tier_b_snapshot_recall"": false}"
asym-log_excess-balanced-clean_release-tau700-g1.2,205,45,756,1.0,1.0,0.6838624338624338,0.9853658536585366,0.8888888888888888,0.6150793650793651,0.36585365853658536,0.6222222222222222,1.0,0.0,174.99999999998295,0.0,0.0,1500.0,4137.499999999995,250,0,20,230,0,0.04356522055347467,0.05683703772281529,10136,35105,0.7112662013958125,0.2584200943383111,0.20014051259789326,8,9,False,"{""ab_weighted_recall"": true, ""false_fast"": true, ""oversampling"": true, ""reaction"": true, ""reduction"": true, ""tier_a_recall"": true, ""tier_a_snapshot_recall"": true, ""tier_b_recall"": true, ""tier_b_snapshot_recall"": false}"
asym-sqrt_excess-price_heavy-responsive-tau2600-g1.2,205,45,756,1.0,1.0,0.966931216931217,1.0,1.0,0.91005291005291,0.6439024390243903,0.9555555555555556,1.0,0.0,0.0,0.0,0.0,6500.0,30000.0,250,0,83,144,23,0.34492163351394595,0.35645461084326197,18506,35105,0.47283862697621426,0.1210065826753056,0.13781059941218532,7,9,False,"{""ab_weighted_recall"": true, ""false_fast"": false, ""oversampling"": false, ""reaction"": true, ""reduction"": true, ""tier_a_recall"": true, ""tier_a_snapshot_recall"": true, ""tier_b_recall"": true, ""tier_b_snapshot_recall"": true}"
asym-log_excess-price_heavy-responsive-tau700-g0.75,205,45,756,1.0,1.0,0.6084656084656085,1.0,0.8,0.5423280423280423,0.34146341463414637,0.6888888888888889,1.0,0.0,250.0,0.0,0.0,1500.0,3750.0,250,0,19,231,0,0.044663442306992984,0.05828983257251512,9601,35105,0.7265061956986184,0.301716914343769,0.19812367908530942,8,9,False,"{""ab_weighted_recall"": true, ""false_fast"": true, ""oversampling"": true, ""reaction"": true, ""reduction"": true, ""tier_a_recall"": true, ""tier_a_snapshot_recall"": true, ""tier_b_recall"": true, ""tier_b_snapshot_recall"": false}"
asym-log_excess-confluence-fidelity-tau1000-g0.95,205,45,756,1.0,1.0,0.7883597883597884,1.0,0.8444444444444444,0.6891534391534392,0.36097560975609755,0.7777777777777778,1.0,0.0,0.0,0.0,0.0,2250.0,7637.499999999995,250,0,40,210,0,0.07945016182406633,0.0939117925636844,11940,35105,0.6598775103261644,0.20317753221056387,0.18767053650958218,7,9,False,"{""ab_weighted_recall"": true, ""false_fast"": true, ""oversampling"": false, ""reaction"": true, ""reduction"": true, ""tier_a_recall"": true, ""tier_a_snapshot_recall"": true, ""tier_b_recall"": true, ""tier_b_snapshot_recall"": false}"
asym-log_excess-balanced-fidelity-tau1400-g0.55,205,45,756,1.0,1.0,0.6944444444444444,1.0,0.8,0.6190476190476191,0.2926829268292683,0.7333333333333333,1.0,0.0,250.0,0.0,0.0,2250.0,6000.0,250,0,37,213,0,0.062416815156914794,0.0767773591892835,10818,35105,0.6918387694060675,0.25903180858219726,0.19243126054072915,8,9,False,"{""ab_weighted_recall"": true, ""false_fast"": true, ""oversampling"": true, ""reaction"": true, ""reduction"": true, ""tier_a_recall"": true, ""tier_a_snapshot_recall"": true, ""tier_b_recall"": true, ""tier_b_snapshot_recall"": false}"
asym-log_excess-confluence-fidelity-tau1900-g0.75,205,45,756,1.0,1.0,0.8134920634920635,1.0,0.8888888888888888,0.746031746031746,0.4,0.8222222222222222,1.0,0.0,0.0,0.0,0.0,4000.0,17662.499999999985,250,0,63,184,3,0.13492854285610387,0.1492105769162293,13047,35105,0.628343540806153,0.18384028947589576,0.17691607084943325,7,9,False,"{""ab_weighted_recall"": true, ""false_fast"": true, ""oversampling"": false, ""reaction"": true, ""reduction"": true, ""tier_a_recall"": true, ""tier_a_snapshot_recall"": true, ""tier_b_recall"": true, ""tier_b_snapshot_recall"": false}"
asym-sqrt_excess-confluence-balanced-tau1000-g0.55,205,45,756,1.0,1.0,0.746031746031746,1.0,0.9111111111111111,0.6785714285714286,0.4195121951219512,0.6666666666666666,1.0,0.0,0.0,0.0,0.0,2250.0,6000.0,250,0,32,218,0,0.06078766500600022,0.07495424408377784,10614,35105,0.6976499074205953,0.2472951042548548,0.19335326006420805,9,9,True,"{""ab_weighted_recall"": true, ""false_fast"": true, ""oversampling"": true, ""reaction"": true, ""reduction"": true, ""tier_a_recall"": true, ""tier_a_snapshot_recall"": true, ""tier_b_recall"": true, ""tier_b_snapshot_recall"": true}"
asym-log_excess-price_heavy-fidelity-tau2600-g1.2,205,45,756,1.0,1.0,0.8941798941798942,1.0,0.9333333333333333,0.8227513227513228,0.5609756097560976,0.8888888888888888,1.0,0.0,0.0,0.0,0.0,5500.0,27912.499999999985,250,0,78,160,12,0.23215389650532747,0.24528731866770168,15261,35105,0.5652756017661302,0.14920793520524744,0.158865113178252,7,9,False,"{""ab_weighted_recall"": true, ""false_fast"": false, ""oversampling"": false, ""reaction"": true, ""reduction"": true, ""tier_a_recall"": true, ""tier_a_snapshot_recall"": true, ""tier_b_recall"": true, ""tier_b_snapshot_recall"": true}"
asym-sqrt_excess-price_heavy-responsive-tau2600-g0.95,205,45,756,1.0,1.0,0.958994708994709,1.0,1.0,0.8743386243386243,0.5902439024390244,0.9111111111111111,1.0,0.0,0.0,0.0,0.0,6000.0,30000.0,250,0,83,149,18,0.29267973380850215,0.304944487569346,16878,35105,0.5192137872097992,0.13406833125528111,0.1464859676736037,7,9,False,"{""ab_weighted_recall"": true, ""false_fast"": false, ""oversampling"": false, ""reaction"": true, ""reduction"": true, ""tier_a_recall"": true, ""tier_a_snapshot_recall"": true, ""tier_b_recall"": true, ""tier_b_snapshot_recall"": true}"
asym-sqrt_excess-confluence-fidelity-tau1900-g0.75,205,45,756,1.0,1.0,0.9365079365079365,1.0,1.0,0.8386243386243386,0.5219512195121951,0.9111111111111111,1.0,0.0,0.0,0.0,0.0,4750.0,25024.999999999993,250,0,67,174,9,0.22006618422488092,0.23339434122162955,15246,35105,0.5657028913260219,0.1424745228681222,0.15921089086281612,7,9,False,"{""ab_weighted_recall"": true, ""false_fast"": false, ""oversampling"": false, ""reaction"": true, ""reduction"": true, ""tier_a_recall"": true, ""tier_a_snapshot_recall"": true, ""tier_b_recall"": true, ""tier_b_snapshot_recall"": true}"
asym-log_excess-confluence-balanced-tau1400-g1.2,205,45,756,1.0,1.0,0.8068783068783069,1.0,0.8888888888888888,0.7619047619047619,0.4634146341463415,0.8222222222222222,1.0,0.0,0.0,0.0,0.0,2750.0,12024.99999999999,250,0,53,195,2,0.1327539183243027,0.14691031840420457,13098,35105,0.626890756302521,0.17115481749746914,0.17647710274099748,7,9,False,"{""ab_weighted_recall"": true, ""false_fast"": true, ""oversampling"": false, ""reaction"": true, ""reduction"": true, ""tier_a_recall"": true, ""tier_a_snapshot_recall"": true, ""tier_b_recall"": true, ""tier_b_snapshot_recall"": false}"
asym-log_excess-price_heavy-fidelity-tau1900-g1.2,205,45,756,1.0,1.0,0.8597883597883598,1.0,0.8888888888888888,0.7976190476190477,0.5121951219512195,0.8666666666666667,1.0,0.0,0.0,0.0,0.0,4500.0,20849.999999999967,250,0,65,179,6,0.17538092294265245,0.1893262307807348,13848,35105,0.6055262783079334,0.16290884637767583,0.168671928902714,7,9,False,"{""ab_weighted_recall"": true, ""false_fast"": true, ""oversampling"": false, ""reaction"": true, ""reduction"": true, ""tier_a_recall"": true, ""tier_a_snapshot_recall"": true, ""tier_b_recall"": true, ""tier_b_snapshot_recall"": false}"
asym-log_excess-price_heavy-clean_release-tau700-g0.75,205,45,756,1.0,1.0,0.3505291005291005,0.9902439024390244,0.8,0.3201058201058201,0.23902439024390243,0.6,1.0,0.0,250.0,0.0,0.0,1250.0,3000.0,250,0,13,237,0,0.036794065238735955,0.04963715736474409,8796,35105,0.7494374020794758,0.37782166941395023,0.19852481529825888,8,9,False,"{""ab_weighted_recall"": true, ""false_fast"": true, ""oversampling"": true, ""reaction"": true, ""reduction"": true, ""tier_a_recall"": true, ""tier_a_snapshot_recall"": true, ""tier_b_recall"": true, ""tier_b_snapshot_recall"": false}"
asym-sqrt_excess-balanced-clean_release-tau1900-g0.95,205,45,756,1.0,1.0,0.8650793650793651,1.0,0.9555555555555556,0.8201058201058201,0.5073170731707317,0.8444444444444444,1.0,0.0,0.0,0.0,0.0,3000.0,16687.499999999978,250,0,58,188,4,0.15919124331793882,0.1731532057627529,13820,35105,0.6063238854863979,0.15987920075018106,0.1711271998787854,8,9,False,"{""ab_weighted_recall"": true, ""false_fast"": true, ""oversampling"": false, ""reaction"": true, ""reduction"": true, ""tier_a_recall"": true, ""tier_a_snapshot_recall"": true, ""tier_b_recall"": true, ""tier_b_snapshot_recall"": true}"
asym-sqrt_excess-confluence-balanced-tau1400-g0.75,205,45,756,1.0,1.0,0.8571428571428571,1.0,0.8888888888888888,0.7962962962962963,0.47317073170731705,0.8222222222222222,1.0,0.0,0.0,0.0,0.0,2750.0,10887.499999999996,250,0,51,197,2,0.1283246663515037,0.1425519338551051,12865,35105,0.6335279874661729,0.1747144608042645,0.17955677677673676,7,9,False,"{""ab_weighted_recall"": true, ""false_fast"": true, ""oversampling"": false, ""reaction"": true, ""reduction"": true, ""tier_a_recall"": true, ""tier_a_snapshot_recall"": true, ""tier_b_recall"": true, ""tier_b_snapshot_recall"": false}"
asym-sqrt_excess-price_heavy-clean_release-tau2600-g1.2,205,45,756,1.0,1.0,0.8902116402116402,1.0,0.9777777777777777,0.8425925925925926,0.5463414634146342,0.8666666666666667,1.0,0.0,0.0,0.0,0.0,4500.0,22662.499999999985,250,0,67,176,7,0.20318557038437762,0.21672992971036684,14867,35105,0.5764990742059536,0.14796342808150653,0.16325300621046887,7,9,False,"{""ab_weighted_recall"": true, ""false_fast"": false, ""oversampling"": false, ""reaction"": true, ""reduction"": true, ""tier_a_recall"": true, ""tier_a_snapshot_recall"": true, ""tier_b_recall"": true, ""tier_b_snapshot_recall"": true}"
asym-sqrt_excess-price_heavy-responsive-tau1400-g1.2,205,45,756,1.0,1.0,0.9404761904761905,1.0,1.0,0.828042328042328,0.5219512195121951,0.9333333333333333,1.0,0.0,0.0,0.0,0.0,4250.0,21750.0,250,0,65,179,6,0.22199352703734682,0.23526730713080138,15723,35105,0.5521150833214642,0.13871647748669141,0.16070980530276552,7,9,False,"{""ab_weighted_recall"": true, ""false_fast"": false, ""oversampling"": false, ""reaction"": true, ""reduction"": true, ""tier_a_recall"": true, ""tier_a_snapshot_recall"": true, ""tier_b_recall"": true, ""tier_b_snapshot_recall"": true}"
asym-sqrt_excess-balanced-clean_release-tau1000-g0.95,205,45,756,1.0,1.0,0.7936507936507936,1.0,0.9111111111111111,0.7645502645502645,0.424390243902439,0.7111111111111111,1.0,0.0,0.0,0.0,0.0,2250.0,6887.499999999995,250,0,37,213,0,0.08579221062584094,0.09977994430953076,11937,35105,0.6599629682381427,0.1952892776622881,0.1879638760068831,8,9,False,"{""ab_weighted_recall"": true, ""false_fast"": true, ""oversampling"": false, ""reaction"": true, ""reduction"": true, ""tier_a_recall"": true, ""tier_a_snapshot_recall"": true, ""tier_b_recall"": true, ""tier_b_snapshot_recall"": true}"
asym-log_excess-confluence-responsive-tau2600-g0.55,205,45,756,1.0,1.0,0.8108465608465608,1.0,0.9333333333333333,0.7447089947089947,0.4195121951219512,0.8222222222222222,1.0,0.0,0.0,0.0,0.0,4750.0,23099.999999999967,250,0,70,175,5,0.14774355431106587,0.16185131641729394,13272,35105,0.6219341974077767,0.1912003231433824,0.17462209142563928,8,9,False,"{""ab_weighted_recall"": true, ""false_fast"": true, ""oversampling"": false, ""reaction"": true, ""reduction"": true, ""tier_a_recall"": true, ""tier_a_snapshot_recall"": true, ""tier_b_recall"": true, ""tier_b_snapshot_recall"": true}"
asym-sqrt_excess-confluence-clean_release-tau700-g0.95,205,45,756,1.0,1.0,0.794973544973545,0.9853658536585366,0.9111111111111111,0.7076719576719577,0.3951219512195122,0.6666666666666666,1.0,0.0,0.0,0.0,0.0,1750.0,5887.499999999995,250,0,25,225,0,0.05752936470417106,0.07109436757134006,11043,35105,0.6854294260076912,0.22113958164582903,0.19322755071293268,9,9,True,"{""ab_weighted_recall"": true, ""false_fast"": true, ""oversampling"": true, ""reaction"": true, ""reduction"": true, ""tier_a_recall"": true, ""tier_a_snapshot_recall"": true, ""tier_b_recall"": true, ""tier_b_snapshot_recall"": true}"
asym-log_excess-balanced-balanced-tau2600-g0.55,205,45,756,1.0,1.0,0.716931216931217,1.0,0.9555555555555556,0.6574074074074074,0.3804878048780488,0.7111111111111111,1.0,0.0,250.0,0.0,0.0,3750.0,14137.499999999996,250,0,60,187,3,0.10348012655005637,0.11791139375725507,11793,35105,0.6640649480131036,0.24219775792781797,0.1821531528236533,8,9,False,"{""ab_weighted_recall"": true, ""false_fast"": true, ""oversampling"": false, ""reaction"": true, ""reduction"": true, ""tier_a_recall"": true, ""tier_a_snapshot_recall"": true, ""tier_b_recall"": true, ""tier_b_snapshot_recall"": true}"
asym-sqrt_excess-confluence-balanced-tau1000-g0.95,205,45,756,1.0,1.0,0.8849206349206349,1.0,0.9333333333333333,0.7685185185185185,0.43902439024390244,0.8666666666666667,1.0,0.0,0.0,0.0,0.0,2500.0,9887.499999999996,250,0,46,202,2,0.12373540856031129,0.13765943355243948,13297,35105,0.6212220481412905,0.1671878561065225,0.1750987529664137,8,9,False,"{""ab_weighted_recall"": true, ""false_fast"": true, ""oversampling"": false, ""reaction"": true, ""reduction"": true, ""tier_a_recall"": true, ""tier_a_snapshot_recall"": true, ""tier_b_recall"": true, ""tier_b_snapshot_recall"": true}"
asym-sqrt_excess-price_heavy-clean_release-tau1000-g1.2,205,45,756,1.0,1.0,0.7896825396825397,1.0,0.9111111111111111,0.7632275132275133,0.424390243902439,0.6888888888888889,1.0,0.0,0.0,0.0,0.0,2250.0,6887.499999999995,250,0,37,213,0,0.08486854067420634,0.09884702212663528,11914,35105,0.66061814556331,0.19509026102706523,0.18770883219749865,8,9,False,"{""ab_weighted_recall"": true, ""false_fast"": true, ""oversampling"": false, ""reaction"": true, ""reduction"": true, ""tier_a_recall"": true, ""tier_a_snapshot_recall"": true, ""tier_b_recall"": true, ""tier_b_snapshot_recall"": true}"
asym-log_excess-confluence-fidelity-tau1400-g0.75,205,45,756,1.0,1.0,0.7698412698412699,1.0,0.8666666666666667,0.6812169312169312,0.36097560975609755,0.7777777777777778,1.0,0.0,0.0,0.0,0.0,2750.0,10387.499999999996,250,0,48,201,1,0.09097058074839084,0.10543444975395068,12009,35105,0.6579119783506623,0.20793101167813663,0.18741824415854305,7,9,False,"{""ab_weighted_recall"": true, ""false_fast"": true, ""oversampling"": false, ""reaction"": true, ""reduction"": true, ""tier_a_recall"": true, ""tier_a_snapshot_recall"": true, ""tier_b_recall"": true, ""tier_b_snapshot_recall"": false}"
asym-sqrt_excess-balanced-responsive-tau2600-g0.75,205,45,756,1.0,1.0,0.958994708994709,1.0,1.0,0.8756613756613757,0.5902439024390244,0.9111111111111111,1.0,0.0,0.0,0.0,0.0,6000.0,30000.0,250,0,83,149,18,0.2918215207825739,0.30409702390702115,16845,35105,0.5201538242415611,0.13455691584474933,0.14670498630365403,7,9,False,"{""ab_weighted_recall"": true, ""false_fast"": false, ""oversampling"": false, ""reaction"": true, ""reduction"": true, ""tier_a_recall"": true, ""tier_a_snapshot_recall"": true, ""tier_b_recall"": true, ""tier_b_snapshot_recall"": true}"
asym-log_excess-balanced-fidelity-tau1000-g0.75,205,45,756,1.0,1.0,0.7142857142857143,1.0,0.8,0.6415343915343915,0.3024390243902439,0.7333333333333333,1.0,0.0,250.0,0.0,0.0,2000.0,5637.499999999995,250,0,32,218,0,0.0570129822902651,0.07120119072205329,11012,35105,0.6863124910981342,0.24410071128429464,0.19314609039176805,8,9,False,"{""ab_weighted_recall"": true, ""false_fast"": true, ""oversampling"": true, ""reaction"": true, ""reduction"": true, ""tier_a_recall"": true, ""tier_a_snapshot_recall"": true, ""tier_b_recall"": true, ""tier_b_snapshot_recall"": false}"
asym-sqrt_excess-confluence-clean_release-tau1400-g1.2,205,45,756,1.0,1.0,0.9021164021164021,1.0,1.0,0.8333333333333334,0.5073170731707317,0.9333333333333333,1.0,0.0,0.0,0.0,0.0,2750.0,13549.999999999984,250,0,54,194,2,0.16698061747699916,0.18056673242225055,14798,35105,0.5784646061814556,0.14885288714239864,0.16521378390756233,8,9,False,"{""ab_weighted_recall"": true, ""false_fast"": true, ""oversampling"": false, ""reaction"": true, ""reduction"": true, ""tier_a_recall"": true, ""tier_a_snapshot_recall"": true, ""tier_b_recall"": true, ""tier_b_snapshot_recall"": true}"
asym-sqrt_excess-confluence-fidelity-tau1900-g1.2,205,45,756,1.0,1.0,0.958994708994709,1.0,1.0,0.8981481481481481,0.6487804878048781,0.9555555555555556,1.0,0.0,0.0,0.0,0.0,5250.0,30000.0,250,0,76,159,15,0.31733517582457543,0.3292147074113902,18518,35105,0.4724967953283008,0.11830092978123397,0.14258571340137416,7,9,False,"{""ab_weighted_recall"": true, ""false_fast"": false, ""oversampling"": false, ""reaction"": true, ""reduction"": true, ""tier_a_recall"": true, ""tier_a_snapshot_recall"": true, ""tier_b_recall"": true, ""tier_b_snapshot_recall"": true}"
asym-log_excess-confluence-clean_release-tau1900-g0.75,205,45,756,1.0,1.0,0.705026455026455,1.0,0.9333333333333333,0.6322751322751323,0.35609756097560974,0.6888888888888889,1.0,0.0,250.0,0.0,0.0,2750.0,9887.499999999996,250,0,49,200,1,0.08069384341248773,0.0951438195685769,11224,35105,0.6802734653183307,0.245491771168695,0.18878352822100478,8,9,False,"{""ab_weighted_recall"": true, ""false_fast"": true, ""oversampling"": false, ""reaction"": true, ""reduction"": true, ""tier_a_recall"": true, ""tier_a_snapshot_recall"": true, ""tier_b_recall"": true, ""tier_b_snapshot_recall"": true}"
asym-log_excess-confluence-fidelity-tau700-g0.95,205,45,756,1.0,1.0,0.75,1.0,0.8444444444444444,0.6375661375661376,0.32195121951219513,0.7111111111111111,1.0,0.0,0.0,0.0,0.0,1750.0,4637.499999999995,250,0,25,225,0,0.047929015600567296,0.06176514574238529,11041,35105,0.6854863979490101,0.23633530696184935,0.1946834509764518,8,9,False,"{""ab_weighted_recall"": true, ""false_fast"": true, ""oversampling"": true, ""reaction"": true, ""reduction"": true, ""tier_a_recall"": true, ""tier_a_snapshot_recall"": true, ""tier_b_recall"": true, ""tier_b_snapshot_recall"": false}"
asym-log_excess-confluence-responsive-tau1900-g0.95,205,45,756,1.0,1.0,0.8783068783068783,1.0,0.8888888888888888,0.8121693121693122,0.48292682926829267,0.8888888888888888,1.0,0.0,0.0,0.0,0.0,4750.0,21099.999999999967,250,0,68,176,6,0.1948798138114113,0.2085045471054487,14522,35105,0.5863267340834639,0.15292632639609754,0.16433586828776006,7,9,False,"{""ab_weighted_recall"": true, ""false_fast"": true, ""oversampling"": false, ""reaction"": true, ""reduction"": true, ""tier_a_recall"": true, ""tier_a_snapshot_recall"": true, ""tier_b_recall"": true, ""tier_b_snapshot_recall"": false}"
asym-log_excess-balanced-responsive-tau700-g0.75,205,45,756,1.0,1.0,0.6917989417989417,0.9902439024390244,0.7777777777777778,0.6084656084656085,0.2682926829268293,0.6888888888888889,1.0,0.0,99.99999999999432,0.0,0.0,1500.0,3887.499999999996,250,0,19,231,0,0.04369613440488745,0.05723584415214465,10504,35105,0.7007833641931349,0.2607585336279612,0.1994879063152933,8,9,False,"{""ab_weighted_recall"": true, ""false_fast"": true, ""oversampling"": true, ""reaction"": true, ""reduction"": true, ""tier_a_recall"": true, ""tier_a_snapshot_recall"": true, ""tier_b_recall"": true, ""tier_b_snapshot_recall"": false}"
asym-log_excess-confluence-fidelity-tau700-g0.55,205,45,756,1.0,1.0,0.5343915343915344,0.9853658536585366,0.6,0.4523809523809524,0.1951219512195122,0.6888888888888889,1.0,0.0,250.0,0.0,0.0,1000.0,2774.9999999999914,250,0,13,237,0,0.03413942325175461,0.04682414772929589,9292,35105,0.7353083606323885,0.3383513086776056,0.20125327639149326,8,9,False,"{""ab_weighted_recall"": true, ""false_fast"": true, ""oversampling"": true, ""reaction"": true, ""reduction"": true, ""tier_a_recall"": true, ""tier_a_snapshot_recall"": true, ""tier_b_recall"": true, ""tier_b_snapshot_recall"": false}"
asym-sqrt_excess-price_heavy-fidelity-tau700-g0.55,205,45,756,1.0,1.0,0.7063492063492064,1.0,0.8222222222222222,0.6216931216931217,0.3951219512195122,0.7111111111111111,1.0,0.0,250.0,0.0,0.0,1750.0,4000.0,250,0,20,230,0,0.04787083166660606,0.06157998561448237,9754,35105,0.7221478421877225,0.29448908215531333,0.19620852558653504,8,9,False,"{""ab_weighted_recall"": true, ""false_fast"": true, ""oversampling"": true, ""reaction"": true, ""reduction"": true, ""tier_a_recall"": true, ""tier_a_snapshot_recall"": true, ""tier_b_recall"": true, ""tier_b_snapshot_recall"": false}"
asym-log_excess-price_heavy-responsive-tau2600-g0.75,205,45,756,1.0,1.0,0.8201058201058201,1.0,0.9111111111111111,0.7592592592592593,0.5170731707317073,0.8444444444444444,1.0,0.0,0.0,0.0,0.0,5250.0,24137.499999999996,250,0,70,174,6,0.16623877231899342,0.18011807518925502,13464,35105,0.6164648910411623,0.1867037501917522,0.17160266832589302,8,9,False,"{""ab_weighted_recall"": true, ""false_fast"": true, ""oversampling"": false, ""reaction"": true, ""reduction"": true, ""tier_a_recall"": true, ""tier_a_snapshot_recall"": true, ""tier_b_recall"": true, ""tier_b_snapshot_recall"": true}"
asym-sqrt_excess-price_heavy-balanced-tau700-g1.2,205,45,756,1.0,1.0,0.8373015873015873,1.0,0.9111111111111111,0.7698412698412699,0.4,0.6666666666666666,1.0,0.0,0.0,0.0,0.0,2000.0,6000.0,250,0,30,220,0,0.06999527255536565,0.08379207941945178,11872,35105,0.6618145563310069,0.19891698893909657,0.18788854896517915,9,9,True,"{""ab_weighted_recall"": true, ""false_fast"": true, ""oversampling"": true, ""reaction"": true, ""reduction"": true, ""tier_a_recall"": true, ""tier_a_snapshot_recall"": true, ""tier_b_recall"": true, ""tier_b_snapshot_recall"": true}"
asym-log_excess-price_heavy-responsive-tau1900-g0.55,205,45,756,1.0,1.0,0.7116402116402116,1.0,0.8222222222222222,0.6455026455026455,0.36097560975609755,0.7777777777777778,1.0,0.0,250.0,0.0,0.0,3250.0,10162.499999999987,250,0,50,200,0,0.08913778682861195,0.10366830699549207,11305,35105,0.6779661016949152,0.25295482473888614,0.1844082722057093,7,9,False,"{""ab_weighted_recall"": true, ""false_fast"": true, ""oversampling"": false, ""reaction"": true, ""reduction"": true, ""tier_a_recall"": true, ""tier_a_snapshot_recall"": true, ""tier_b_recall"": true, ""tier_b_snapshot_recall"": false}"
asym-log_excess-balanced-balanced-tau1900-g0.75,205,45,756,1.0,1.0,0.7486772486772487,1.0,0.9333333333333333,0.7037037037037037,0.3804878048780488,0.7333333333333333,1.0,0.0,0.0,0.0,0.0,3000.0,11024.99999999999,250,0,51,197,2,0.1011164042328812,0.11557552752832594,11917,35105,0.6605326876513318,0.2213560571384575,0.18502220947147768,8,9,False,"{""ab_weighted_recall"": true, ""false_fast"": true, ""oversampling"": false, ""reaction"": true, ""reduction"": true, ""tier_a_recall"": true, ""tier_a_snapshot_recall"": true, ""tier_b_recall"": true, ""tier_b_snapshot_recall"": true}"
asym-sqrt_excess-confluence-balanced-tau700-g0.75,205,45,756,1.0,1.0,0.7843915343915344,1.0,0.9111111111111111,0.6891534391534392,0.4,0.6444444444444445,1.0,0.0,0.0,0.0,0.0,1750.0,5637.499999999995,250,0,25,225,0,0.05367467907923924,0.06739116501328168,11013,35105,0.6862840051274748,0.23109436431756775,0.1939791264608088,9,9,True,"{""ab_weighted_recall"": true, ""false_fast"": true, ""oversampling"": true, ""reaction"": true, ""reduction"": true, ""tier_a_recall"": true, ""tier_a_snapshot_recall"": true, ""tier_b_recall"": true, ""tier_b_snapshot_recall"": true}"
asym-sqrt_excess-balanced-fidelity-tau700-g0.55,205,45,756,1.0,1.0,0.7698412698412699,1.0,0.8222222222222222,0.6640211640211641,0.40487804878048783,0.7111111111111111,1.0,0.0,0.0,0.0,0.0,1750.0,4637.499999999995,250,0,23,227,0,0.050118186115858755,0.06395858110369679,10501,35105,0.7008688221051133,0.25250289264709924,0.19655236130235704,8,9,False,"{""ab_weighted_recall"": true, ""false_fast"": true, ""oversampling"": true, ""reaction"": true, ""reduction"": true, ""tier_a_recall"": true, ""tier_a_snapshot_recall"": true, ""tier_b_recall"": true, ""tier_b_snapshot_recall"": false}"
asym-sqrt_excess-confluence-clean_release-tau1900-g1.2,205,45,756,1.0,1.0,0.9126984126984127,1.0,1.0,0.8465608465608465,0.5560975609756098,0.9333333333333333,1.0,0.0,0.0,0.0,0.0,3500.0,19750.0,250,0,62,184,4,0.2050983672133532,0.21853168018572985,15732,35105,0.5518587095855292,0.13758511712119095,0.16101794530018104,7,9,False,"{""ab_weighted_recall"": true, ""false_fast"": false, ""oversampling"": false, ""reaction"": true, ""reduction"": true, ""tier_a_recall"": true, ""tier_a_snapshot_recall"": true, ""tier_b_recall"": true, ""tier_b_snapshot_recall"": true}"
asym-log_excess-balanced-clean_release-tau1900-g0.75,205,45,756,1.0,1.0,0.6984126984126984,1.0,0.9111111111111111,0.6402116402116402,0.36097560975609755,0.6888888888888889,1.0,0.0,250.0,0.0,0.0,2750.0,9412.499999999987,250,0,48,201,1,0.07901378231935707,0.09349874304759327,11124,35105,0.6831220623842758,0.25013583813282775,0.18965768460201007,8,9,False,"{""ab_weighted_recall"": true, ""false_fast"": true, ""oversampling"": false, ""reaction"": true, ""reduction"": true, ""tier_a_recall"": true, ""tier_a_snapshot_recall"": true, ""tier_b_recall"": true, ""tier_b_snapshot_recall"": true}"
asym-sqrt_excess-balanced-fidelity-tau1000-g0.95,205,45,756,1.0,1.0,0.9113756613756614,1.0,0.9333333333333333,0.7962962962962963,0.44878048780487806,0.9333333333333333,1.0,0.0,0.0,0.0,0.0,2750.0,11274.99999999999,250,0,52,195,3,0.15452198261754974,0.16832479935051525,14269,35105,0.5935336846603048,0.15767264076751616,0.1689719723335498,8,9,False,"{""ab_weighted_recall"": true, ""false_fast"": true, ""oversampling"": false, ""reaction"": true, ""reduction"": true, ""tier_a_recall"": true, ""tier_a_snapshot_recall"": true, ""tier_b_recall"": true, ""tier_b_snapshot_recall"": true}"
asym-sqrt_excess-price_heavy-responsive-tau1000-g0.95,205,45,756,1.0,1.0,0.8981481481481481,1.0,0.9111111111111111,0.7817460317460317,0.43414634146341463,0.8444444444444444,1.0,0.0,0.0,0.0,0.0,2750.0,10387.499999999996,250,0,46,202,2,0.12044801629150151,0.13459004835527955,12996,35105,0.6297963253097849,0.17302305674438812,0.17637816043297871,8,9,False,"{""ab_weighted_recall"": true, ""false_fast"": true, ""oversampling"": false, ""reaction"": true, ""reduction"": true, ""tier_a_recall"": true, ""tier_a_snapshot_recall"": true, ""tier_b_recall"": true, ""tier_b_snapshot_recall"": true}"
asym-log_excess-price_heavy-clean_release-tau1400-g0.95,205,45,756,1.0,1.0,0.6587301587301587,1.0,0.8888888888888888,0.58994708994709,0.4146341463414634,0.6666666666666666,1.0,0.0,250.0,0.0,0.0,2250.0,6250.0,250,0,39,211,0,0.06213316847885378,0.0762788511526218,10228,35105,0.7086454920951432,0.27581025405508314,0.1931451043132984,7,9,False,"{""ab_weighted_recall"": true, ""false_fast"": true, ""oversampling"": false, ""reaction"": true, ""reduction"": true, ""tier_a_recall"": true, ""tier_a_snapshot_recall"": true, ""tier_b_recall"": true, ""tier_b_snapshot_recall"": false}"
asym-log_excess-confluence-responsive-tau1900-g0.75,205,45,756,1.0,1.0,0.8359788359788359,1.0,0.8888888888888888,0.75,0.4097560975609756,0.8444444444444444,1.0,0.0,0.0,0.0,0.0,4250.0,19049.99999999998,250,0,63,182,5,0.14870358922142624,0.1628340894038556,13381,35105,0.6188292266058966,0.17551144561783527,0.17353229089288408,7,9,False,"{""ab_weighted_recall"": true, ""false_fast"": true, ""oversampling"": false, ""reaction"": true, ""reduction"": true, ""tier_a_recall"": true, ""tier_a_snapshot_recall"": true, ""tier_b_recall"": true, ""tier_b_snapshot_recall"": false}"
asym-sqrt_excess-price_heavy-responsive-tau2600-g0.55,205,45,756,1.0,1.0,0.876984126984127,1.0,0.9111111111111111,0.8029100529100529,0.5414634146341464,0.8666666666666667,1.0,0.0,0.0,0.0,0.0,5500.0,25024.999999999993,250,0,71,171,8,0.1842030619295247,0.19797890598850582,13789,35105,0.6072069505768409,0.1758885394772924,0.16808788109318695,8,9,False,"{""ab_weighted_recall"": true, ""false_fast"": true, ""oversampling"": false, ""reaction"": true, ""reduction"": true, ""tier_a_recall"": true, ""tier_a_snapshot_recall"": true, ""tier_b_recall"": true, ""tier_b_snapshot_recall"": true}"
asym-log_excess-confluence-clean_release-tau700-g0.55,205,45,756,1.0,1.0,0.3333333333333333,0.9853658536585366,0.7555555555555555,0.2777777777777778,0.12195121951219512,0.5111111111111111,1.0,0.0,237.49999999999716,0.0,0.0,750.0,2000.0,250,0,6,244,0,0.02600094548892687,0.03703202558058383,8948,35105,0.7451075345392395,0.3820972267944736,0.20151618653261316,8,9,False,"{""ab_weighted_recall"": true, ""false_fast"": true, ""oversampling"": true, ""reaction"": true, ""reduction"": true, ""tier_a_recall"": true, ""tier_a_snapshot_recall"": true, ""tier_b_recall"": true, ""tier_b_snapshot_recall"": false}"
asym-log_excess-balanced-clean_release-tau700-g0.95,205,45,756,1.0,1.0,0.6071428571428571,0.9902439024390244,0.8222222222222222,0.5343915343915344,0.2780487804878049,0.6,1.0,0.0,250.0,0.0,0.0,1500.0,3637.499999999996,250,0,17,233,0,0.03939779628350122,0.052464410086954044,9723,35105,0.7230309072781655,0.299186489478865,0.19924268417960986,8,9,False,"{""ab_weighted_recall"": true, ""false_fast"": true, ""oversampling"": true, ""reaction"": true, ""reduction"": true, ""tier_a_recall"": true, ""tier_a_snapshot_recall"": true, ""tier_b_recall"": true, ""tier_b_snapshot_recall"": false}"
asym-log_excess-balanced-responsive-tau1900-g0.95,205,45,756,1.0,1.0,0.8756613756613757,1.0,0.8888888888888888,0.8042328042328042,0.4926829268292683,0.8888888888888888,1.0,0.0,0.0,0.0,0.0,4625.0,21099.999999999967,250,0,68,176,6,0.1877741008763955,0.20148982687528041,14252,35105,0.5940179461615154,0.1584676126706918,0.16617019170719685,7,9,False,"{""ab_weighted_recall"": true, ""false_fast"": true, ""oversampling"": false, ""reaction"": true, ""reduction"": true, ""tier_a_recall"": true, ""tier_a_snapshot_recall"": true, ""tier_b_recall"": true, ""tier_b_snapshot_recall"": false}"
asym-sqrt_excess-confluence-clean_release-tau2600-g0.95,205,45,756,1.0,1.0,0.8994708994708994,1.0,0.9777777777777777,0.8492063492063492,0.5560975609756098,0.8888888888888888,1.0,0.0,0.0,0.0,0.0,4500.0,25387.499999999996,250,0,68,174,8,0.21136041310593112,0.22477015218738206,15126,35105,0.569121207805156,0.14462282030438933,0.16163524033365706,7,9,False,"{""ab_weighted_recall"": true, ""false_fast"": false, ""oversampling"": false, ""reaction"": true, ""reduction"": true, ""tier_a_recall"": true, ""tier_a_snapshot_recall"": true, ""tier_b_recall"": true, ""tier_b_snapshot_recall"": true}"
asym-log_excess-confluence-clean_release-tau2600-g0.95,205,45,756,1.0,1.0,0.7843915343915344,1.0,0.8888888888888888,0.7526455026455027,0.43414634146341463,0.8222222222222222,1.0,0.0,0.0,0.0,0.0,3750.0,19750.0,250,0,61,184,5,0.14297974471798974,0.1571439762425313,13062,35105,0.6279162512462613,0.18486439815966246,0.1782424356073558,7,9,False,"{""ab_weighted_recall"": true, ""false_fast"": true, ""oversampling"": false, ""reaction"": true, ""reduction"": true, ""tier_a_recall"": true, ""tier_a_snapshot_recall"": true, ""tier_b_recall"": true, ""tier_b_snapshot_recall"": false}"
asym-sqrt_excess-balanced-responsive-tau700-g1.2,205,45,756,1.0,1.0,0.9074074074074074,1.0,0.9555555555555556,0.7843915343915344,0.43414634146341463,0.9333333333333333,1.0,0.0,0.0,0.0,0.0,2500.0,10637.499999999996,250,0,48,200,2,0.1618604312884105,0.17532527649392177,15212,35105,0.5666714143284433,0.14874970738665705,0.16570001916292226,8,9,False,"{""ab_weighted_recall"": true, ""false_fast"": true, ""oversampling"": false, ""reaction"": true, ""reduction"": true, ""tier_a_recall"": true, ""tier_a_snapshot_recall"": true, ""tier_b_recall"": true, ""tier_b_snapshot_recall"": true}"
asym-log_excess-balanced-balanced-tau1900-g0.95,205,45,756,1.0,1.0,0.794973544973545,1.0,0.9111111111111111,0.7579365079365079,0.4292682926829268,0.8,1.0,0.0,0.0,0.0,0.0,3500.0,16412.499999999985,250,0,59,188,3,0.13309574893632495,0.14734473255043834,12859,35105,0.6336989032901297,0.18209269215585958,0.17815420011536154,8,9,False,"{""ab_weighted_recall"": true, ""false_fast"": true, ""oversampling"": false, ""reaction"": true, ""reduction"": true, ""tier_a_recall"": true, ""tier_a_snapshot_recall"": true, ""tier_b_recall"": true, ""tier_b_snapshot_recall"": true}"
asym-sqrt_excess-balanced-clean_release-tau1900-g1.2,205,45,756,1.0,1.0,0.9087301587301587,1.0,1.0,0.8425925925925926,0.5463414634146342,0.9333333333333333,1.0,0.0,0.0,0.0,0.0,3500.0,19187.499999999978,250,0,61,185,4,0.19705443834321248,0.21056979468590434,15358,35105,0.5625124626121636,0.14018705092935138,0.1626699901079218,8,9,False,"{""ab_weighted_recall"": true, ""false_fast"": true, ""oversampling"": false, ""reaction"": true, ""reduction"": true, ""tier_a_recall"": true, ""tier_a_snapshot_recall"": true, ""tier_b_recall"": true, ""tier_b_snapshot_recall"": true}"
asym-log_excess-price_heavy-responsive-tau1900-g1.2,205,45,756,1.0,1.0,0.876984126984127,1.0,0.8888888888888888,0.8121693121693122,0.5073170731707317,0.8888888888888888,1.0,0.0,0.0,0.0,0.0,4750.0,22824.999999999975,250,0,68,175,7,0.19184697625368194,0.20551349888547846,14297,35105,0.5927360774818402,0.15656260424174437,0.16551872026596465,7,9,False,"{""ab_weighted_recall"": true, ""false_fast"": true, ""oversampling"": false, ""reaction"": true, ""reduction"": true, ""tier_a_recall"": true, ""tier_a_snapshot_recall"": true, ""tier_b_recall"": true, ""tier_b_snapshot_recall"": false}"
asym-log_excess-price_heavy-clean_release-tau1000-g0.95,205,45,756,1.0,1.0,0.5992063492063492,1.0,0.8666666666666667,0.5436507936507936,0.3804878048780488,0.6222222222222222,1.0,0.0,250.0,0.0,0.0,1750.0,4887.499999999995,250,0,24,226,0,0.049565438743227025,0.06324642676560864,9561,35105,0.7276456345249964,0.30796572459572713,0.19506671617864774,8,9,False,"{""ab_weighted_recall"": true, ""false_fast"": true, ""oversampling"": true, ""reaction"": true, ""reduction"": true, ""tier_a_recall"": true, ""tier_a_snapshot_recall"": true, ""tier_b_recall"": true, ""tier_b_snapshot_recall"": false}"
asym-log_excess-confluence-responsive-tau1000-g0.75,205,45,756,1.0,1.0,0.7486772486772487,1.0,0.8222222222222222,0.6362433862433863,0.3024390243902439,0.7111111111111111,1.0,0.0,0.0,0.0,0.0,2250.0,6137.499999999995,250,0,35,215,0,0.061827702825557294,0.07617202800190857,11372,35105,0.6760575416607321,0.2310434915972088,0.1920666361039272,7,9,False,"{""ab_weighted_recall"": true, ""false_fast"": true, ""oversampling"": false, ""reaction"": true, ""reduction"": true, ""tier_a_recall"": true, ""tier_a_snapshot_recall"": true, ""tier_b_recall"": true, ""tier_b_snapshot_recall"": false}"
asym-sqrt_excess-balanced-fidelity-tau1900-g0.95,205,45,756,1.0,1.0,0.9497354497354498,1.0,1.0,0.8650793650793651,0.5756097560975609,0.9333333333333333,1.0,0.0,0.0,0.0,0.0,5000.0,27774.999999999993,250,0,71,167,12,0.25904214698716316,0.2717723385012,16470,35105,0.5308360632388549,0.13198474195951018,0.15265904956694362,7,9,False,"{""ab_weighted_recall"": true, ""false_fast"": false, ""oversampling"": false, ""reaction"": true, ""reduction"": true, ""tier_a_recall"": true, ""tier_a_snapshot_recall"": true, ""tier_b_recall"": true, ""tier_b_snapshot_recall"": true}"
asym-log_excess-price_heavy-balanced-tau1000-g0.75,205,45,756,1.0,1.0,0.5621693121693122,1.0,0.8666666666666667,0.5119047619047619,0.3121951219512195,0.6222222222222222,1.0,0.0,250.0,0.0,0.0,2000.0,4637.499999999995,250,0,27,223,0,0.050990945125277284,0.06493423254687757,9633,35105,0.7255946446375161,0.3162072152208328,0.1951853064961967,8,9,False,"{""ab_weighted_recall"": true, ""false_fast"": true, ""oversampling"": true, ""reaction"": true, ""reduction"": true, ""tier_a_recall"": true, ""tier_a_snapshot_recall"": true, ""tier_b_recall"": true, ""tier_b_snapshot_recall"": false}"
asym-sqrt_excess-confluence-fidelity-tau1000-g1.2,205,45,756,1.0,1.0,0.921957671957672,1.0,1.0,0.8492063492063492,0.5121951219512195,0.9333333333333333,1.0,0.0,0.0,0.0,0.0,3000.0,18274.999999999993,250,0,60,187,3,0.21009491254227428,0.22340993740163367,16395,35105,0.5329725110383137,0.1330951983913992,0.15878487746175665,7,9,False,"{""ab_weighted_recall"": true, ""false_fast"": false, ""oversampling"": false, ""reaction"": true, ""reduction"": true, ""tier_a_recall"": true, ""tier_a_snapshot_recall"": true, ""tier_b_recall"": true, ""tier_b_snapshot_recall"": true}"
asym-sqrt_excess-confluence-balanced-tau2600-g0.55,205,45,756,1.0,1.0,0.8505291005291006,1.0,0.9333333333333333,0.8174603174603174,0.526829268292683,0.8444444444444444,1.0,0.0,0.0,0.0,0.0,4750.0,22137.499999999996,250,0,65,178,7,0.17170078911960435,0.18565863593958082,13500,35105,0.615439396097422,0.17761464117744225,0.17239826818128715,8,9,False,"{""ab_weighted_recall"": true, ""false_fast"": true, ""oversampling"": false, ""reaction"": true, ""reduction"": true, ""tier_a_recall"": true, ""tier_a_snapshot_recall"": true, ""tier_b_recall"": true, ""tier_b_snapshot_recall"": true}"
asym-log_excess-price_heavy-responsive-tau1400-g0.75,205,45,756,1.0,1.0,0.7380952380952381,1.0,0.8222222222222222,0.6706349206349206,0.4097560975609756,0.7555555555555555,1.0,0.0,0.0,0.0,0.0,2750.0,8500.0,250,0,43,207,0,0.0804756536601331,0.09495865944067398,11300,35105,0.6781085315482125,0.23607480045371954,0.18888618460590165,7,9,False,"{""ab_weighted_recall"": true, ""false_fast"": true, ""oversampling"": false, ""reaction"": true, ""reduction"": true, ""tier_a_recall"": true, ""tier_a_snapshot_recall"": true, ""tier_b_recall"": true, ""tier_b_snapshot_recall"": false}"
asym-log_excess-price_heavy-responsive-tau1900-g0.75,205,45,756,1.0,1.0,0.7817460317460317,1.0,0.8888888888888888,0.7156084656084656,0.4585365853658537,0.7777777777777778,1.0,0.0,0.0,0.0,0.0,4000.0,12912.499999999987,250,0,59,187,4,0.11691334230335648,0.13127853068316966,12264,35105,0.6506480558325025,0.21285375855978544,0.18094494219397622,7,9,False,"{""ab_weighted_recall"": true, ""false_fast"": true, ""oversampling"": false, ""reaction"": true, ""reduction"": true, ""tier_a_recall"": true, ""tier_a_snapshot_recall"": true, ""tier_b_recall"": true, ""tier_b_snapshot_recall"": false}"
asym-log_excess-price_heavy-fidelity-tau700-g0.95,205,45,756,1.0,1.0,0.6812169312169312,1.0,0.8222222222222222,0.6203703703703703,0.3902439024390244,0.7111111111111111,1.0,0.0,250.0,0.0,0.0,1750.0,4000.0,250,0,22,228,0,0.047230808393032474,0.0609532897969648,10014,35105,0.7147414898162655,0.2701364459845344,0.19807127681540834,8,9,False,"{""ab_weighted_recall"": true, ""false_fast"": true, ""oversampling"": true, ""reaction"": true, ""reduction"": true, ""tier_a_recall"": true, ""tier_a_snapshot_recall"": true, ""tier_b_recall"": true, ""tier_b_snapshot_recall"": false}"
asym-sqrt_excess-balanced-balanced-tau1900-g0.95,205,45,756,1.0,1.0,0.9193121693121693,1.0,0.9777777777777777,0.83994708994709,0.5317073170731708,0.9111111111111111,1.0,0.0,0.0,0.0,0.0,4250.0,20962.49999999997,250,0,65,178,7,0.20634932179351975,0.2198278010810503,15075,35105,0.5705739923087879,0.14455561933950156,0.1627674031709117,7,9,False,"{""ab_weighted_recall"": true, ""false_fast"": false, ""oversampling"": false, ""reaction"": true, ""reduction"": true, ""tier_a_recall"": true, ""tier_a_snapshot_recall"": true, ""tier_b_recall"": true, ""tier_b_snapshot_recall"": true}"
asym-log_excess-balanced-balanced-tau1900-g0.55,205,45,756,1.0,1.0,0.6746031746031746,1.0,0.8888888888888888,0.5952380952380952,0.33170731707317075,0.6888888888888889,1.0,0.0,250.0,0.0,0.0,2750.0,8137.499999999995,250,0,44,206,0,0.07200261827702825,0.08649114436080588,10881,35105,0.6900441532545222,0.2706187790943653,0.19140286971065332,7,9,False,"{""ab_weighted_recall"": true, ""false_fast"": true, ""oversampling"": false, ""reaction"": true, ""reduction"": true, ""tier_a_recall"": true, ""tier_a_snapshot_recall"": true, ""tier_b_recall"": true, ""tier_b_snapshot_recall"": false}"
asym-sqrt_excess-balanced-balanced-tau2600-g0.75,205,45,756,1.0,1.0,0.8994708994708994,1.0,0.9555555555555556,0.8346560846560847,0.5463414634146342,0.8666666666666667,1.0,0.0,0.0,0.0,0.0,5000.0,26774.999999999993,250,0,70,172,8,0.21574602712825922,0.22912141519310064,14923,35105,0.5749038598490244,0.1504236214091123,0.16193354242537747,7,9,False,"{""ab_weighted_recall"": true, ""false_fast"": false, ""oversampling"": false, ""reaction"": true, ""reduction"": true, ""tier_a_recall"": true, ""tier_a_snapshot_recall"": true, ""tier_b_recall"": true, ""tier_b_snapshot_recall"": true}"
asym-sqrt_excess-balanced-fidelity-tau1000-g0.55,205,45,756,1.0,1.0,0.8042328042328042,1.0,0.8666666666666667,0.705026455026455,0.424390243902439,0.7555555555555555,1.0,0.0,0.0,0.0,0.0,2250.0,6387.499999999995,250,0,36,214,0,0.07156623877231899,0.08596415015062064,11276,35105,0.6787921948440393,0.22594616636372652,0.1913051995808386,7,9,False,"{""ab_weighted_recall"": true, ""false_fast"": true, ""oversampling"": false, ""reaction"": true, ""reduction"": true, ""tier_a_recall"": true, ""tier_a_snapshot_recall"": true, ""tier_b_recall"": true, ""tier_b_snapshot_recall"": false}"
asym-log_excess-confluence-clean_release-tau1900-g0.55,205,45,756,1.0,1.0,0.6071428571428571,1.0,0.8888888888888888,0.5555555555555556,0.2926829268292683,0.6222222222222222,1.0,0.0,250.0,0.0,0.0,2250.0,6750.0,250,0,40,210,0,0.058402123713589583,0.07244746081370755,10491,35105,0.7011536818117077,0.2958140363326257,0.19375628468946576,7,9,False,"{""ab_weighted_recall"": true, ""false_fast"": true, ""oversampling"": false, ""reaction"": true, ""reduction"": true, ""tier_a_recall"": true, ""tier_a_snapshot_recall"": true, ""tier_b_recall"": true, ""tier_b_snapshot_recall"": false}"
asym-log_excess-price_heavy-responsive-tau2600-g0.55,205,45,756,1.0,1.0,0.7592592592592593,1.0,0.9111111111111111,0.6851851851851852,0.4146341463414634,0.8,1.0,0.0,0.0,0.0,0.0,4750.0,15987.499999999962,250,0,68,178,4,0.12593912505909305,0.1402303107129377,12390,35105,0.6470588235294117,0.2285641689799865,0.17688544548021756,8,9,False,"{""ab_weighted_recall"": true, ""false_fast"": true, ""oversampling"": false, ""reaction"": true, ""reduction"": true, ""tier_a_recall"": true, ""tier_a_snapshot_recall"": true, ""tier_b_recall"": true, ""tier_b_snapshot_recall"": true}"
asym-sqrt_excess-confluence-responsive-tau700-g0.75,205,45,756,1.0,1.0,0.8835978835978836,1.0,0.8666666666666667,0.7764550264550265,0.40487804878048783,0.7555555555555555,1.0,0.0,0.0,0.0,0.0,2250.0,6500.0,250,0,34,216,0,0.08153023746318049,0.09563520606185773,12268,35105,0.6505341119498647,0.19303628014546842,0.18334099018460567,7,9,False,"{""ab_weighted_recall"": true, ""false_fast"": true, ""oversampling"": false, ""reaction"": true, ""reduction"": true, ""tier_a_recall"": true, ""tier_a_snapshot_recall"": true, ""tier_b_recall"": true, ""tier_b_snapshot_recall"": false}"
asym-log_excess-confluence-responsive-tau1400-g1.2,205,45,756,1.0,1.0,0.8902116402116402,1.0,0.8888888888888888,0.7896825396825397,0.5073170731707317,0.9111111111111111,1.0,0.0,0.0,0.0,0.0,3750.0,20849.999999999967,250,0,63,183,4,0.1901669151605513,0.20385417927773308,14690,35105,0.5815410910126763,0.15144329444040158,0.16671566064717716,7,9,False,"{""ab_weighted_recall"": true, ""false_fast"": true, ""oversampling"": false, ""reaction"": true, ""reduction"": true, ""tier_a_recall"": true, ""tier_a_snapshot_recall"": true, ""tier_b_recall"": true, ""tier_b_snapshot_recall"": false}"
asym-log_excess-confluence-responsive-tau1900-g0.55,205,45,756,1.0,1.0,0.7671957671957672,1.0,0.9111111111111111,0.6851851851851852,0.36097560975609755,0.7777777777777778,1.0,0.0,0.0,0.0,0.0,3500.0,11774.99999999999,250,0,53,194,3,0.10021455325648206,0.1147066992358584,12048,35105,0.6568010254949437,0.21994496850129022,0.18324031532114282,8,9,False,"{""ab_weighted_recall"": true, ""false_fast"": true, ""oversampling"": false, ""reaction"": true, ""reduction"": true, ""tier_a_recall"": true, ""tier_a_snapshot_recall"": true, ""tier_b_recall"": true, ""tier_b_snapshot_recall"": true}"
asym-sqrt_excess-balanced-responsive-tau700-g0.95,205,45,756,1.0,1.0,0.8981481481481481,1.0,0.8888888888888888,0.7724867724867724,0.4146341463414634,0.9111111111111111,1.0,0.0,0.0,0.0,0.0,2250.0,8937.499999999978,250,0,40,209,1,0.11348776319138877,0.12742577571411276,13504,35105,0.6153254522147842,0.170617923780198,0.17451114024833134,7,9,False,"{""ab_weighted_recall"": true, ""false_fast"": true, ""oversampling"": false, ""reaction"": true, ""reduction"": true, ""tier_a_recall"": true, ""tier_a_snapshot_recall"": true, ""tier_b_recall"": true, ""tier_b_snapshot_recall"": false}"
asym-log_excess-balanced-clean_release-tau1900-g0.55,205,45,756,1.0,1.0,0.5965608465608465,1.0,0.8888888888888888,0.5476190476190477,0.3024390243902439,0.6444444444444445,1.0,0.0,250.0,0.0,0.0,2250.0,6637.499999999995,250,0,40,210,0,0.05889668715226008,0.07297445502389278,10398,35105,0.7038028770830367,0.3004585115426267,0.19345431497040566,7,9,False,"{""ab_weighted_recall"": true, ""false_fast"": true, ""oversampling"": false, ""reaction"": true, ""reduction"": true, ""tier_a_recall"": true, ""tier_a_snapshot_recall"": true, ""tier_b_recall"": true, ""tier_b_snapshot_recall"": false}"
asym-sqrt_excess-confluence-clean_release-tau1000-g1.2,205,45,756,1.0,1.0,0.8743386243386243,1.0,0.9333333333333333,0.7764550264550265,0.45365853658536587,0.9111111111111111,1.0,0.0,0.0,0.0,0.0,2250.0,9637.499999999996,250,0,45,203,2,0.12920469835266737,0.1428154309601977,13779,35105,0.6074918102834355,0.15905559735779673,0.17293453843627052,8,9,False,"{""ab_weighted_recall"": true, ""false_fast"": true, ""oversampling"": false, ""reaction"": true, ""reduction"": true, ""tier_a_recall"": true, ""tier_a_snapshot_recall"": true, ""tier_b_recall"": true, ""tier_b_snapshot_recall"": true}"
asym-log_excess-price_heavy-balanced-tau1400-g0.55,205,45,756,1.0,1.0,0.5132275132275133,1.0,0.8666666666666667,0.4537037037037037,0.28780487804878047,0.6444444444444445,1.0,0.0,250.0,0.0,0.0,2250.0,5500.0,250,0,31,219,0,0.05670024364522346,0.07082374892286657,9641,35105,0.7253667568722404,0.3306267139613486,0.19465672884112342,8,9,False,"{""ab_weighted_recall"": true, ""false_fast"": true, ""oversampling"": true, ""reaction"": true, ""reduction"": true, ""tier_a_recall"": true, ""tier_a_snapshot_recall"": true, ""tier_b_recall"": true, ""tier_b_snapshot_recall"": false}"
asym-sqrt_excess-price_heavy-fidelity-tau1000-g0.75,205,45,756,1.0,1.0,0.8134920634920635,1.0,0.8444444444444444,0.7248677248677249,0.424390243902439,0.7555555555555555,1.0,0.0,0.0,0.0,0.0,2250.0,6500.0,250,0,39,211,0,0.07729008327575548,0.09169699257223025,11546,35105,0.6711009827659877,0.21687098715929368,0.1896141529474174,7,9,False,"{""ab_weighted_recall"": true, ""false_fast"": true, ""oversampling"": false, ""reaction"": true, ""reduction"": true, ""tier_a_recall"": true, ""tier_a_snapshot_recall"": true, ""tier_b_recall"": true, ""tier_b_snapshot_recall"": false}"
asym-sqrt_excess-balanced-responsive-tau1400-g0.95,205,45,756,1.0,1.0,0.9404761904761905,1.0,1.0,0.832010582010582,0.5219512195121951,0.9333333333333333,1.0,0.0,0.0,0.0,0.0,4250.0,21750.0,250,0,65,179,6,0.22190625113640497,0.2351889701536117,15752,35105,0.5512889901723401,0.13834913517248554,0.16029888233816278,7,9,False,"{""ab_weighted_recall"": true, ""false_fast"": false, ""oversampling"": false, ""reaction"": true, ""reduction"": true, ""tier_a_recall"": true, ""tier_a_snapshot_recall"": true, ""tier_b_recall"": true, ""tier_b_snapshot_recall"": true}"
asym-log_excess-price_heavy-responsive-tau2600-g1.2,205,45,756,1.0,1.0,0.9166666666666666,1.0,0.9333333333333333,0.8214285714285714,0.5658536585365853,0.8888888888888888,1.0,0.0,0.0,0.0,0.0,5750.0,29324.999999999975,250,0,79,158,13,0.25378377395541657,0.2666163410934418,15769,35105,0.5508047286711295,0.14509144658080975,0.15488936058699476,7,9,False,"{""ab_weighted_recall"": true, ""false_fast"": false, ""oversampling"": false, ""reaction"": true, ""reduction"": true, ""tier_a_recall"": true, ""tier_a_snapshot_recall"": true, ""tier_b_recall"": true, ""tier_b_snapshot_recall"": true}"
asym-log_excess-price_heavy-balanced-tau2600-g0.75,205,45,756,1.0,1.0,0.7473544973544973,1.0,0.9333333333333333,0.6984126984126984,0.43902439024390244,0.7555555555555555,1.0,0.0,0.0,0.0,0.0,4250.0,15712.49999999997,250,0,63,183,4,0.12299356340230554,0.13728199175325276,12156,35105,0.6537245406637231,0.22884403580054707,0.1802315135138961,8,9,False,"{""ab_weighted_recall"": true, ""false_fast"": true, ""oversampling"": false, ""reaction"": true, ""reduction"": true, ""tier_a_recall"": true, ""tier_a_snapshot_recall"": true, ""tier_b_recall"": true, ""tier_b_snapshot_recall"": true}"
asym-log_excess-confluence-fidelity-tau2600-g0.55,205,45,756,1.0,1.0,0.794973544973545,1.0,0.8888888888888888,0.7288359788359788,0.4,0.8,1.0,0.0,0.0,0.0,0.0,4500.0,20987.49999999996,250,0,67,178,5,0.13393214298701772,0.14819219621276322,12877,35105,0.6331861558182594,0.20342693339749543,0.17725296194304246,7,9,False,"{""ab_weighted_recall"": true, ""false_fast"": true, ""oversampling"": false, ""reaction"": true, ""reduction"": true, ""tier_a_recall"": true, ""tier_a_snapshot_recall"": true, ""tier_b_recall"": true, ""tier_b_snapshot_recall"": false}"
asym-sqrt_excess-balanced-clean_release-tau700-g0.55,205,45,756,1.0,1.0,0.6375661375661376,0.9853658536585366,0.8888888888888888,0.5793650793650794,0.3853658536585366,0.6,1.0,0.0,250.0,0.0,0.0,1500.0,3637.499999999996,250,0,18,232,0,0.0419506163860504,0.05505665187759491,9047,35105,0.7422874234439538,0.3234937719329523,0.19877595924635746,8,9,False,"{""ab_weighted_recall"": true, ""false_fast"": true, ""oversampling"": true, ""reaction"": true, ""reduction"": true, ""tier_a_recall"": true, ""tier_a_snapshot_recall"": true, ""tier_b_recall"": true, ""tier_b_snapshot_recall"": false}"
asym-sqrt_excess-price_heavy-balanced-tau1000-g0.55,205,45,756,1.0,1.0,0.671957671957672,1.0,0.8666666666666667,0.6058201058201058,0.4097560975609756,0.6444444444444445,1.0,0.0,250.0,0.0,0.0,2000.0,5250.0,250,0,28,222,0,0.054809265791483326,0.06879410905931534,9754,35105,0.7221478421877225,0.3011300551408301,0.1944462615867189,8,9,False,"{""ab_weighted_recall"": true, ""false_fast"": true, ""oversampling"": true, ""reaction"": true, ""reduction"": true, ""tier_a_recall"": true, ""tier_a_snapshot_recall"": true, ""tier_b_recall"": true, ""tier_b_snapshot_recall"": false}"
asym-log_excess-price_heavy-fidelity-tau2600-g0.75,205,45,756,1.0,1.0,0.8055555555555556,1.0,0.8666666666666667,0.7486772486772487,0.4926829268292683,0.8,1.0,0.0,0.0,0.0,0.0,5000.0,23074.999999999975,250,0,70,175,5,0.15202007345721663,0.16602454083849053,13146,35105,0.6255234297108674,0.1950491066376675,0.17402038882119206,7,9,False,"{""ab_weighted_recall"": true, ""false_fast"": true, ""oversampling"": false, ""reaction"": true, ""reduction"": true, ""tier_a_recall"": true, ""tier_a_snapshot_recall"": true, ""tier_b_recall"": true, ""tier_b_snapshot_recall"": false}"
asym-log_excess-confluence-balanced-tau1900-g0.75,205,45,756,1.0,1.0,0.7513227513227513,1.0,0.9333333333333333,0.7076719576719577,0.3804878048780488,0.7333333333333333,1.0,0.0,0.0,0.0,0.0,3250.0,11387.499999999996,250,0,53,195,2,0.10437470453471036,0.11887280211367407,12072,35105,0.656117362199117,0.21432533965180742,0.1849079467573678,8,9,False,"{""ab_weighted_recall"": true, ""false_fast"": true, ""oversampling"": false, ""reaction"": true, ""reduction"": true, ""tier_a_recall"": true, ""tier_a_snapshot_recall"": true, ""tier_b_recall"": true, ""tier_b_snapshot_recall"": true}"
asym-log_excess-price_heavy-clean_release-tau1900-g0.55,205,45,756,1.0,1.0,0.5066137566137566,1.0,0.8888888888888888,0.46825396825396826,0.3121951219512195,0.6666666666666666,1.0,0.0,250.0,0.0,0.0,2250.0,6137.499999999995,250,0,36,214,0,0.06215498745408924,0.07640703893347767,9856,35105,0.7192422731804586,0.3269928383255798,0.1933005050370686,7,9,False,"{""ab_weighted_recall"": true, ""false_fast"": true, ""oversampling"": false, ""reaction"": true, ""reduction"": true, ""tier_a_recall"": true, ""tier_a_snapshot_recall"": true, ""tier_b_recall"": true, ""tier_b_snapshot_recall"": false}"
asym-log_excess-confluence-balanced-tau2600-g0.55,205,45,756,1.0,1.0,0.7301587301587301,1.0,0.9555555555555556,0.671957671957672,0.3804878048780488,0.7111111111111111,1.0,0.0,250.0,0.0,0.0,3750.0,15712.49999999997,250,0,61,186,3,0.10476017309720353,0.11912205613200492,11958,35105,0.6593647628542942,0.23642873600278652,0.1815665445103739,8,9,False,"{""ab_weighted_recall"": true, ""false_fast"": true, ""oversampling"": false, ""reaction"": true, ""reduction"": true, ""tier_a_recall"": true, ""tier_a_snapshot_recall"": true, ""tier_b_recall"": true, ""tier_b_snapshot_recall"": true}"
asym-log_excess-price_heavy-clean_release-tau1900-g0.95,205,45,756,1.0,1.0,0.701058201058201,1.0,0.9111111111111111,0.6402116402116402,0.44878048780487806,0.6888888888888889,1.0,0.0,250.0,0.0,0.0,2750.0,9412.499999999987,250,0,49,200,1,0.08297028982872104,0.09744407808060163,10990,35105,0.6869391824526421,0.2508151286639151,0.18915388804957808,8,9,False,"{""ab_weighted_recall"": true, ""false_fast"": true, ""oversampling"": false, ""reaction"": true, ""reduction"": true, ""tier_a_recall"": true, ""tier_a_snapshot_recall"": true, ""tier_b_recall"": true, ""tier_b_snapshot_recall"": true}"
asym-sqrt_excess-price_heavy-clean_release-tau1400-g0.75,205,45,756,1.0,1.0,0.7248677248677249,1.0,0.9111111111111111,0.6798941798941799,0.43902439024390244,0.7111111111111111,1.0,0.0,250.0,0.0,0.0,2250.0,6637.499999999995,250,0,39,211,0,0.07056256591148768,0.08491016173025018,10690,35105,0.6954849736504771,0.24691444240838398,0.19280579993783986,8,9,False,"{""ab_weighted_recall"": true, ""false_fast"": true, ""oversampling"": false, ""reaction"": true, ""reduction"": true, ""tier_a_recall"": true, ""tier_a_snapshot_recall"": true, ""tier_b_recall"": true, ""tier_b_snapshot_recall"": true}"
asym-sqrt_excess-confluence-responsive-tau1000-g0.75,205,45,756,1.0,1.0,0.9074074074074074,1.0,0.8888888888888888,0.783068783068783,0.43414634146341463,0.8888888888888888,1.0,0.0,0.0,0.0,0.0,2750.0,10887.499999999996,250,0,48,200,2,0.13003381941161496,0.14414003802904166,13321,35105,0.6205383848454635,0.1689744003200678,0.17482590580233118,7,9,False,"{""ab_weighted_recall"": true, ""false_fast"": true, ""oversampling"": false, ""reaction"": true, ""reduction"": true, ""tier_a_recall"": true, ""tier_a_snapshot_recall"": true, ""tier_b_recall"": true, ""tier_b_snapshot_recall"": false}"
asym-log_excess-confluence-clean_release-tau1000-g0.55,205,45,756,1.0,1.0,0.44312169312169314,1.0,0.8,0.37962962962962965,0.18048780487804877,0.5333333333333333,1.0,0.0,250.0,0.0,0.0,1250.0,3500.0,250,0,15,235,0,0.0333757591185134,0.04615472265149303,9321,35105,0.7344822674832645,0.3579916542413501,0.19960569022800118,8,9,False,"{""ab_weighted_recall"": true, ""false_fast"": true, ""oversampling"": true, ""reaction"": true, ""reduction"": true, ""tier_a_recall"": true, ""tier_a_snapshot_recall"": true, ""tier_b_recall"": true, ""tier_b_snapshot_recall"": false}"
asym-log_excess-balanced-responsive-tau1000-g1.2,205,45,756,1.0,1.0,0.8412698412698413,1.0,0.8888888888888888,0.7367724867724867,0.43902439024390244,0.8222222222222222,1.0,0.0,0.0,0.0,0.0,2750.0,11912.499999999987,250,0,48,200,2,0.12599003600130915,0.1401163660188436,13176,35105,0.6246688505910839,0.16875170893923175,0.1746702606463217,7,9,False,"{""ab_weighted_recall"": true, ""false_fast"": true, ""oversampling"": false, ""reaction"": true, ""reduction"": true, ""tier_a_recall"": true, ""tier_a_snapshot_recall"": true, ""tier_b_recall"": true, ""tier_b_snapshot_recall"": false}"
asym-sqrt_excess-price_heavy-fidelity-tau1000-g1.2,205,45,756,1.0,1.0,0.91005291005291,1.0,0.9111111111111111,0.794973544973545,0.44390243902439025,0.9333333333333333,1.0,0.0,0.0,0.0,0.0,2750.0,11274.99999999999,250,0,52,195,3,0.1536201316411506,0.1674203633411433,14263,35105,0.5937046004842614,0.1578299737207221,0.16864870014058564,8,9,False,"{""ab_weighted_recall"": true, ""false_fast"": true, ""oversampling"": false, ""reaction"": true, ""reduction"": true, ""tier_a_recall"": true, ""tier_a_snapshot_recall"": true, ""tier_b_recall"": true, ""tier_b_snapshot_recall"": true}"
asym-sqrt_excess-balanced-responsive-tau2600-g1.2,205,45,756,1.0,1.0,0.966931216931217,1.0,1.0,0.9193121693121693,0.7073170731707317,0.9555555555555556,1.0,0.0,0.0,0.0,0.0,7000.0,30000.0,250,0,87,133,30,0.3959053056474781,0.4067327071122854,20127,35105,0.42666286853724544,0.11083026879604592,0.12890986712815755,7,9,False,"{""ab_weighted_recall"": true, ""false_fast"": false, ""oversampling"": false, ""reaction"": true, ""reduction"": true, ""tier_a_recall"": true, ""tier_a_snapshot_recall"": true, ""tier_b_recall"": true, ""tier_b_snapshot_recall"": true}"
